individual;Group;species;subgenus;trait;value
J-0026;Apidae: Apinae: Euglossini;Euglossa allosticta;Glossura;intertegularDistance;3,02
J-0155;Apidae: Apinae: Euglossini;Euglossa allosticta;Glossura;intertegularDistance;3,15
J-0175;Apidae: Apinae: Euglossini;Euglossa allosticta;Glossura;intertegularDistance;3,12
J-0839;Apidae: Apinae: Euglossini;Euglossa allosticta;Glossura;intertegularDistance;3,4
J-0843;Apidae: Apinae: Euglossini;Euglossa allosticta;Glossura;intertegularDistance;3,38
J-0986;Apidae: Apinae: Euglossini;Euglossa allosticta;Glossura;intertegularDistance;3,02
J-1143;Apidae: Apinae: Euglossini;Euglossa allosticta;Glossura;intertegularDistance;3,3
M-0055;Apidae: Apinae: Euglossini;Euglossa allosticta;Glossura;intertegularDistance;3,5
M-0139;Apidae: Apinae: Euglossini;Euglossa allosticta;Glossura;intertegularDistance;3,4
M-0516;Apidae: Apinae: Euglossini;Euglossa allosticta;Glossura;intertegularDistance;2,7
M-0517;Apidae: Apinae: Euglossini;Euglossa allosticta;Glossura;intertegularDistance;2,7
M-0892;Apidae: Apinae: Euglossini;Euglossa allosticta;Glossura;intertegularDistance;3,2
M-1139;Apidae: Apinae: Euglossini;Euglossa allosticta;Glossura;intertegularDistance;3
M-1145;Apidae: Apinae: Euglossini;Euglossa allosticta;Glossura;intertegularDistance;3,2
M-1166;Apidae: Apinae: Euglossini;Euglossa allosticta;Glossura;intertegularDistance;3,2
J-0136;Apidae: Apinae: Euglossini;Eulaema cingulata;NA;intertegularDistance;5,02
M-1167;Apidae: Apinae: Euglossini;Euglossa allosticta;Glossura;intertegularDistance;3,1
M-1287;Apidae: Apinae: Euglossini;Euglossa allosticta;Glossura;intertegularDistance;3,2
M-1392;Apidae: Apinae: Euglossini;Euglossa allosticta;Glossura;intertegularDistance;2,9
M-1474;Apidae: Apinae: Euglossini;Euglossa allosticta;Glossura;intertegularDistance;3,2
M-1490;Apidae: Apinae: Euglossini;Euglossa allosticta;Glossura;intertegularDistance;2,7
M-1491;Apidae: Apinae: Euglossini;Euglossa allosticta;Glossura;intertegularDistance;3,2
M-1492;Apidae: Apinae: Euglossini;Euglossa allosticta;Glossura;intertegularDistance;3,1
M-1493;Apidae: Apinae: Euglossini;Euglossa allosticta;Glossura;intertegularDistance;3,3
M-1494;Apidae: Apinae: Euglossini;Euglossa allosticta;Glossura;intertegularDistance;3
M-1654;Apidae: Apinae: Euglossini;Euglossa allosticta;Glossura;intertegularDistance;3,1
M-1655;Apidae: Apinae: Euglossini;Euglossa allosticta;Glossura;intertegularDistance;3,4
M-1656;Apidae: Apinae: Euglossini;Euglossa allosticta;Glossura;intertegularDistance;3,3
M-1743;Apidae: Apinae: Euglossini;Euglossa allosticta;Glossura;intertegularDistance;3,3
M-1744;Apidae: Apinae: Euglossini;Euglossa allosticta;Glossura;intertegularDistance;3,4
M-1745;Apidae: Apinae: Euglossini;Euglossa allosticta;Glossura;intertegularDistance;3,4
M-1746;Apidae: Apinae: Euglossini;Euglossa allosticta;Glossura;intertegularDistance;3,3
M-C-1932;Apidae: Apinae: Euglossini;Euglossa allosticta;Glossura;intertegularDistance;3,2
M-0055;Apidae: Apinae: Euglossini;Euglossa allosticta;Glossura;proboscisLength;23
M-0139;Apidae: Apinae: Euglossini;Euglossa allosticta;Glossura;proboscisLength;19,4
J-0252;Apidae: Apinae: Euglossini;Eulaema bombiformis;NA;intertegularDistance;6,97
M-0516;Apidae: Apinae: Euglossini;Euglossa allosticta;Glossura;proboscisLength;17,7
M-0517;Apidae: Apinae: Euglossini;Euglossa allosticta;Glossura;proboscisLength;16,6
M-0892;Apidae: Apinae: Euglossini;Euglossa allosticta;Glossura;proboscisLength;19,9
M-1139;Apidae: Apinae: Euglossini;Euglossa allosticta;Glossura;proboscisLength;16,5
M-1145;Apidae: Apinae: Euglossini;Euglossa allosticta;Glossura;proboscisLength;17,7
M-1166;Apidae: Apinae: Euglossini;Euglossa allosticta;Glossura;proboscisLength;19,1
M-1167;Apidae: Apinae: Euglossini;Euglossa allosticta;Glossura;proboscisLength;18,9
M-1287;Apidae: Apinae: Euglossini;Euglossa allosticta;Glossura;proboscisLength;17,8
M-1392;Apidae: Apinae: Euglossini;Euglossa allosticta;Glossura;proboscisLength;18,1
M-1474;Apidae: Apinae: Euglossini;Euglossa allosticta;Glossura;proboscisLength;19,7
M-1490;Apidae: Apinae: Euglossini;Euglossa allosticta;Glossura;proboscisLength;18,7
M-1491;Apidae: Apinae: Euglossini;Euglossa allosticta;Glossura;proboscisLength;19,4
M-1492;Apidae: Apinae: Euglossini;Euglossa allosticta;Glossura;proboscisLength;18,2
J-0415;Apidae: Apinae: Euglossini;Eufriesea lucida;NA;intertegularDistance;4,64
J-0416;Apidae: Apinae: Euglossini;Eulaema sororia;NA;intertegularDistance;6,04
M-1493;Apidae: Apinae: Euglossini;Euglossa allosticta;Glossura;proboscisLength;19,1
M-1494;Apidae: Apinae: Euglossini;Euglossa allosticta;Glossura;proboscisLength;18,7
M-1654;Apidae: Apinae: Euglossini;Euglossa allosticta;Glossura;proboscisLength;19,4
M-1655;Apidae: Apinae: Euglossini;Euglossa allosticta;Glossura;proboscisLength;20
J-0435;Apidae: Apinae: Euglossini;Eulaema bombiformis;NA;intertegularDistance;6,79
M-1656;Apidae: Apinae: Euglossini;Euglossa allosticta;Glossura;proboscisLength;19,8
M-1743;Apidae: Apinae: Euglossini;Euglossa allosticta;Glossura;proboscisLength;18,6
M-1744;Apidae: Apinae: Euglossini;Euglossa allosticta;Glossura;proboscisLength;20
M-1745;Apidae: Apinae: Euglossini;Euglossa allosticta;Glossura;proboscisLength;19,2
M-1746;Apidae: Apinae: Euglossini;Euglossa allosticta;Glossura;proboscisLength;18,8
M-C-1932;Apidae: Apinae: Euglossini;Euglossa allosticta;Glossura;proboscisLength;32,2
J-0026;Apidae: Apinae: Euglossini;Euglossa allosticta;Glossura;proboscisLength;18,89
J-0155;Apidae: Apinae: Euglossini;Euglossa allosticta;Glossura;proboscisLength;19,6
J-0175;Apidae: Apinae: Euglossini;Euglossa allosticta;Glossura;proboscisLength;23,31
J-0839;Apidae: Apinae: Euglossini;Euglossa allosticta;Glossura;proboscisLength;19,94
J-0843;Apidae: Apinae: Euglossini;Euglossa allosticta;Glossura;proboscisLength;19,02
J-0989;Apidae: Apinae: Euglossini;Euglossa allosticta;Glossura;proboscisLength;19,26
J-1143;Apidae: Apinae: Euglossini;Euglossa allosticta;Glossura;proboscisLength;19,91
M-0019;Apidae: Apinae: Euglossini;Euglossa asarophora;Glossura;intertegularDistance;4
M-0020;Apidae: Apinae: Euglossini;Euglossa asarophora;Glossura;intertegularDistance;4,1
M-0041;Apidae: Apinae: Euglossini;Euglossa asarophora;Glossura;intertegularDistance;3,9
M-0042;Apidae: Apinae: Euglossini;Euglossa asarophora;Glossura;intertegularDistance;3,8
M-0043;Apidae: Apinae: Euglossini;Euglossa asarophora;Glossura;intertegularDistance;3,6
M-0044;Apidae: Apinae: Euglossini;Euglossa asarophora;Glossura;intertegularDistance;3,9
M-0045;Apidae: Apinae: Euglossini;Euglossa asarophora;Glossura;intertegularDistance;3,9
M-0690;Apidae: Apinae: Euglossini;Euglossa asarophora;Glossura;intertegularDistance;3,5
M-C-2048;Apidae: Apinae: Euglossini;Euglossa asarophora;Glossura;intertegularDistance;4
M-0739;Apidae: Apinae: Euglossini;Euglossa asarophora;Glossura;intertegularDistance;3,9
M-0904;Apidae: Apinae: Euglossini;Euglossa asarophora;Glossura;intertegularDistance;3,8
M-1344;Apidae: Apinae: Euglossini;Euglossa asarophora;Glossura;intertegularDistance;3,9
M-0019;Apidae: Apinae: Euglossini;Euglossa asarophora;Glossura;proboscisLength;29,5
M-0020;Apidae: Apinae: Euglossini;Euglossa asarophora;Glossura;proboscisLength;30
M-0041;Apidae: Apinae: Euglossini;Euglossa asarophora;Glossura;proboscisLength;27,7
M-0042;Apidae: Apinae: Euglossini;Euglossa asarophora;Glossura;proboscisLength;28,3
M-0043;Apidae: Apinae: Euglossini;Euglossa asarophora;Glossura;proboscisLength;29,5
M-0044;Apidae: Apinae: Euglossini;Euglossa asarophora;Glossura;proboscisLength;33,7
M-0045;Apidae: Apinae: Euglossini;Euglossa asarophora;Glossura;proboscisLength;29,8
J-0975;Apidae: Apinae: Euglossini;Aglae caerulea;NA;intertegularDistance;4,29
M-0690;Apidae: Apinae: Euglossini;Euglossa asarophora;Glossura;proboscisLength;32,4
M-C-2048;Apidae: Apinae: Euglossini;Euglossa asarophora;Glossura;proboscisLength;32,3
M-0739;Apidae: Apinae: Euglossini;Euglossa asarophora;Glossura;proboscisLength;28,58
M-0904;Apidae: Apinae: Euglossini;Euglossa asarophora;Glossura;proboscisLength;28,7
M-1344;Apidae: Apinae: Euglossini;Euglossa asarophora;Glossura;proboscisLength;29,21
J-0257;Apidae: Apinae: Euglossini;Euglossa bursigera;Glossurella;intertegularDistance;2,89
J-0901;Apidae: Apinae: Euglossini;Euglossa bursigera;Glossurella;intertegularDistance;2,98
J-0901;Apidae: Apinae: Euglossini;Euglossa bursigera;Glossurella;proboscisLength;15,04
J-1137;Apidae: Apinae: Euglossini;Eufriesea pulchra;NA;intertegularDistance;5,14
M-C-2148;Apidae: Apinae: Euglossini;Euglossa bursigera;Glossurella;intertegularDistance;3
M-C-2148;Apidae: Apinae: Euglossini;Euglossa bursigera;Glossurella;proboscisLength;9,8
M-0756;Apidae: Apinae: Euglossini;Euglossa cf. maculilabris;Euglossa;intertegularDistance;2,8
M-0756;Apidae: Apinae: Euglossini;Euglossa cf. maculilabris;Euglossa;proboscisLength;12,7
J-1154;Apidae: Apinae: Euglossini;Eulaema bombiformis;NA;intertegularDistance;6,58
J-1165;Apidae: Apinae: Euglossini;Euglossa chalybeata;Glossura;intertegularDistance;3,24
J-1165;Apidae: Apinae: Euglossini;Euglossa chalybeata;Glossura;proboscisLength;24,03
M-1584;Apidae: Apinae: Euglossini;Euglossa chalybeata;Glossura;intertegularDistance;3,9
B1264;Apidae: Apinae: Euglossini;Euglossa chalybeata;Glossura;intertegularDistance;3,84
B1265;Apidae: Apinae: Euglossini;Euglossa chalybeata;Glossura;intertegularDistance;3,6
B1266;Apidae: Apinae: Euglossini;Euglossa chalybeata;Glossura;intertegularDistance;3,55
B1267;Apidae: Apinae: Euglossini;Euglossa chalybeata;Glossura;intertegularDistance;3,66
B1268;Apidae: Apinae: Euglossini;Euglossa chalybeata;Glossura;intertegularDistance;3,63
B1269;Apidae: Apinae: Euglossini;Euglossa chalybeata;Glossura;intertegularDistance;3,4
B1270;Apidae: Apinae: Euglossini;Euglossa chalybeata;Glossura;intertegularDistance;3,7
B1271;Apidae: Apinae: Euglossini;Euglossa chalybeata;Glossura;intertegularDistance;3,8
B1272;Apidae: Apinae: Euglossini;Euglossa chalybeata;Glossura;intertegularDistance;3,6
M-1584;Apidae: Apinae: Euglossini;Euglossa chalybeata;Glossura;proboscisLength;23,9
B1264;Apidae: Apinae: Euglossini;Euglossa chalybeata;Glossura;proboscisLength;19,6
B1265;Apidae: Apinae: Euglossini;Euglossa chalybeata;Glossura;proboscisLength;20,25
B1266;Apidae: Apinae: Euglossini;Euglossa chalybeata;Glossura;proboscisLength;19,42
B1267;Apidae: Apinae: Euglossini;Euglossa chalybeata;Glossura;proboscisLength;20,7
B1268;Apidae: Apinae: Euglossini;Euglossa chalybeata;Glossura;proboscisLength;17,7
B1269;Apidae: Apinae: Euglossini;Euglossa chalybeata;Glossura;proboscisLength;20,5
B1270;Apidae: Apinae: Euglossini;Euglossa chalybeata;Glossura;proboscisLength;19,1
B1271;Apidae: Apinae: Euglossini;Euglossa chalybeata;Glossura;proboscisLength;18,4
B1272;Apidae: Apinae: Euglossini;Euglossa chalybeata;Glossura;proboscisLength;18,6
J-0417;Apidae: Apinae: Euglossini;Euglossa championi;Euglossa;intertegularDistance;3,24
J-0418;Apidae: Apinae: Euglossini;Euglossa championi;Euglossa;intertegularDistance;2,87
J-1198;Apidae: Apinae: Euglossini;Euglossa championi;Euglossa;intertegularDistance;3,13
M-1341;Apidae: Apinae: Euglossini;Euglossa championi;Euglossa;intertegularDistance;3,4
M-1342;Apidae: Apinae: Euglossini;Euglossa championi;Euglossa;intertegularDistance;3,4
M-1343;Apidae: Apinae: Euglossini;Euglossa championi;Euglossa;intertegularDistance;3,4
M-1867;Apidae: Apinae: Euglossini;Euglossa championi;Euglossa;intertegularDistance;3,6
M-0916;Apidae: Apinae: Euglossini;Euglossa championi;Euglossa;intertegularDistance;3,2
M-0951;Apidae: Apinae: Euglossini;Euglossa championi;Euglossa;intertegularDistance;3,5
M-1582;Apidae: Apinae: Euglossini;Euglossa championi;Euglossa;intertegularDistance;3,5
M-1866;Apidae: Apinae: Euglossini;Euglossa championi;Euglossa;intertegularDistance;3,5
M-0408;Apidae: Apinae: Euglossini;Euglossa championi;Euglossa;intertegularDistance;3,4
M-0409;Apidae: Apinae: Euglossini;Euglossa championi;Euglossa;intertegularDistance;3,7
J-1626;Apidae: Apinae: Euglossini;Eulaema bombiformis;NA;intertegularDistance;6,44
M-1341;Apidae: Apinae: Euglossini;Euglossa championi;Euglossa;proboscisLength;12,1
M-1342;Apidae: Apinae: Euglossini;Euglossa championi;Euglossa;proboscisLength;11,9
M-1343;Apidae: Apinae: Euglossini;Euglossa championi;Euglossa;proboscisLength;11,2
M-1867;Apidae: Apinae: Euglossini;Euglossa championi;Euglossa;proboscisLength;11,3
M-0916;Apidae: Apinae: Euglossini;Euglossa championi;Euglossa;proboscisLength;7,8
M-0951;Apidae: Apinae: Euglossini;Euglossa championi;Euglossa;proboscisLength;7,4
M-1582;Apidae: Apinae: Euglossini;Euglossa championi;Euglossa;proboscisLength;8,1
M-1866;Apidae: Apinae: Euglossini;Euglossa championi;Euglossa;proboscisLength;7,6
M-0001;Apidae: Apinae: Euglossini;Eulaema bombiformis;NA;intertegularDistance;7
M-0002;Apidae: Apinae: Euglossini;Eulaema bombiformis;NA;intertegularDistance;7,6
M-0003;Apidae: Apinae: Euglossini;Eulaema meriana;NA;intertegularDistance;6,4
M-0004;Apidae: Apinae: Euglossini;Eulaema meriana;NA;intertegularDistance;6
M-0005;Apidae: Apinae: Euglossini;Eulaema meriana;NA;intertegularDistance;6,2
M-0006;Apidae: Apinae: Euglossini;Eulaema meriana;NA;intertegularDistance;5,8
M-0007;Apidae: Apinae: Euglossini;Eulaema meriana;NA;intertegularDistance;6,1
M-0008;Apidae: Apinae: Euglossini;Eulaema meriana;NA;intertegularDistance;6,7
M-0009;Apidae: Apinae: Euglossini;Eulaema meriana;NA;intertegularDistance;5,7
M-0010;Apidae: Apinae: Euglossini;Eulaema meriana;NA;intertegularDistance;6,5
M-0011;Apidae: Apinae: Euglossini;Eulaema meriana;NA;intertegularDistance;5,9
M-0012;Apidae: Apinae: Euglossini;Eulaema meriana;NA;intertegularDistance;5,8
M-0013;Apidae: Apinae: Euglossini;Eulaema meriana;NA;intertegularDistance;6,5
M-0014;Apidae: Apinae: Euglossini;Eulaema meriana;NA;intertegularDistance;6,3
M-0408;Apidae: Apinae: Euglossini;Euglossa championi;Euglossa;proboscisLength;8,3
M-0409;Apidae: Apinae: Euglossini;Euglossa championi;Euglossa;proboscisLength;8,8
J-0729;Apidae: Apinae: Euglossini;Euglossa chlorina;Euglossa;intertegularDistance;2,85
J-1125;Apidae: Apinae: Euglossini;Euglossa chlorina;Euglossa;intertegularDistance;2,7
J-1629;Apidae: Apinae: Euglossini;Euglossa chlorina;Euglossa;intertegularDistance;3,16
B1324;Apidae: Apinae: Euglossini;Euglossa chlorina;Euglossa;intertegularDistance;3,1
B1383;Apidae: Apinae: Euglossini;Euglossa chlorina;Euglossa;intertegularDistance;3,3
B1324;Apidae: Apinae: Euglossini;Euglossa chlorina;Euglossa;proboscisLength;7,2
B1383;Apidae: Apinae: Euglossini;Euglossa chlorina;Euglossa;proboscisLength;7,1
J-0729;Apidae: Apinae: Euglossini;Euglossa chlorina;Euglossa;proboscisLength;9,77
J-1125;Apidae: Apinae: Euglossini;Euglossa chlorina;Euglossa;proboscisLength;12,76
J-1629;Apidae: Apinae: Euglossini;Euglossa chlorina;Euglossa;proboscisLength;12,93
J-0355;Apidae: Apinae: Euglossini;Euglossa cognata;Euglossa;intertegularDistance;3,02
M-0259;Apidae: Apinae: Euglossini;Euglossa cognata;Euglossa;intertegularDistance;3,6
M-0493;Apidae: Apinae: Euglossini;Euglossa cognata;Euglossa;intertegularDistance;3,4
M-0554;Apidae: Apinae: Euglossini;Euglossa cognata;Euglossa;intertegularDistance;3,4
M-0038;Apidae: Apinae: Euglossini;Exaerete smaragdina;NA;intertegularDistance;4,6
M-0039;Apidae: Apinae: Euglossini;Eulaema cingulata;NA;intertegularDistance;5,1
M-0590;Apidae: Apinae: Euglossini;Euglossa cognata;Euglossa;intertegularDistance;3,6
M-0591;Apidae: Apinae: Euglossini;Euglossa cognata;Euglossa;intertegularDistance;3,6
M-0621;Apidae: Apinae: Euglossini;Euglossa cognata;Euglossa;intertegularDistance;3,2
M-0714;Apidae: Apinae: Euglossini;Euglossa cognata;Euglossa;intertegularDistance;3,6
M-0923;Apidae: Apinae: Euglossini;Euglossa cognata;Euglossa;intertegularDistance;3,5
M-0949;Apidae: Apinae: Euglossini;Euglossa cognata;Euglossa;intertegularDistance;3,7
M-0977;Apidae: Apinae: Euglossini;Euglossa cognata;Euglossa;intertegularDistance;3,7
M-0978;Apidae: Apinae: Euglossini;Euglossa cognata;Euglossa;intertegularDistance;3,6
M-0259;Apidae: Apinae: Euglossini;Euglossa cognata;Euglossa;proboscisLength;10,4
M-0493;Apidae: Apinae: Euglossini;Euglossa cognata;Euglossa;proboscisLength;9,2
M-0061;Apidae: Apinae: Euglossini;Eulaema cingulata;NA;intertegularDistance;5,1
M-0554;Apidae: Apinae: Euglossini;Euglossa cognata;Euglossa;proboscisLength;9,9
M-0590;Apidae: Apinae: Euglossini;Euglossa cognata;Euglossa;proboscisLength;9,9
M-0591;Apidae: Apinae: Euglossini;Euglossa cognata;Euglossa;proboscisLength;10,3
M-0621;Apidae: Apinae: Euglossini;Euglossa cognata;Euglossa;proboscisLength;10,3
M-0081;Apidae: Apinae: Euglossini;Exaerete smaragdina;NA;intertegularDistance;4,6
M-0082;Apidae: Apinae: Euglossini;Eulaema bombiformis;NA;intertegularDistance;6,6
M-0083;Apidae: Apinae: Euglossini;Eulaema meriana;NA;intertegularDistance;7,2
M-0714;Apidae: Apinae: Euglossini;Euglossa cognata;Euglossa;proboscisLength;11
M-0923;Apidae: Apinae: Euglossini;Euglossa cognata;Euglossa;proboscisLength;11,8
M-0949;Apidae: Apinae: Euglossini;Euglossa cognata;Euglossa;proboscisLength;10,1
M-0977;Apidae: Apinae: Euglossini;Euglossa cognata;Euglossa;proboscisLength;11,2
M-0978;Apidae: Apinae: Euglossini;Euglossa cognata;Euglossa;proboscisLength;10,6
J-0362;Apidae: Apinae: Euglossini;Euglossa cordata;Euglossa;intertegularDistance;2,73
J-0530;Apidae: Apinae: Euglossini;Euglossa cordata;Euglossa;intertegularDistance;2,99
M-0075;Apidae: Apinae: Euglossini;Euglossa cordata;Euglossa;intertegularDistance;3,5
M-0075;Apidae: Apinae: Euglossini;Euglossa cordata;Euglossa;proboscisLength;10,3
J-0362;Apidae: Apinae: Euglossini;Euglossa cordata;Euglossa;proboscisLength;10,6
J-0530;Apidae: Apinae: Euglossini;Euglossa cordata;Euglossa;proboscisLength;11,14
J-0137;Apidae: Apinae: Euglossini;Euglossa cybelia;Euglossa;intertegularDistance;3,18
M-1252;Apidae: Apinae: Euglossini;Euglossa cybelia;Euglossa;intertegularDistance;3,6
M-1252;Apidae: Apinae: Euglossini;Euglossa cybelia;Euglossa;proboscisLength;6,7
J-0001;Apidae: Apinae: Euglossini;Euglossa deceptrix;Euglossa;intertegularDistance;3,31
J-0024;Apidae: Apinae: Euglossini;Euglossa deceptrix;Euglossa;intertegularDistance;2,83
J-0073;Apidae: Apinae: Euglossini;Euglossa deceptrix;Euglossa;intertegularDistance;2,78
M-0108;Apidae: Apinae: Euglossini;Eulaema cingulata;NA;intertegularDistance;5,7
J-0250;Apidae: Apinae: Euglossini;Euglossa deceptrix;Euglossa;intertegularDistance;2,6
M-0116;Apidae: Apinae: Euglossini;Euglossa deceptrix;Euglossa;intertegularDistance;3,5
M-0117;Apidae: Apinae: Euglossini;Euglossa deceptrix;Euglossa;intertegularDistance;3,2
M-0118;Apidae: Apinae: Euglossini;Euglossa deceptrix;Euglossa;intertegularDistance;3,2
M-0119;Apidae: Apinae: Euglossini;Euglossa deceptrix;Euglossa;intertegularDistance;3,2
M-0120;Apidae: Apinae: Euglossini;Euglossa deceptrix;Euglossa;intertegularDistance;3,2
M-C-1926;Apidae: Apinae: Euglossini;Euglossa deceptrix;Euglossa;intertegularDistance;3,3
B1329;Apidae: Apinae: Euglossini;Euglossa deceptrix;Euglossa;intertegularDistance;3,3
B1314;Apidae: Apinae: Euglossini;Euglossa deceptrix;Euglossa;intertegularDistance;3,3
B1315;Apidae: Apinae: Euglossini;Euglossa deceptrix;Euglossa;intertegularDistance;3,3
M-0414;Apidae: Apinae: Euglossini;Euglossa deceptrix;Euglossa;intertegularDistance;2,9
M-0116;Apidae: Apinae: Euglossini;Euglossa deceptrix;Euglossa;proboscisLength;10,3
M-0126;Apidae: Apinae: Euglossini;Eulaema meriana;NA;intertegularDistance;5,9
M-0117;Apidae: Apinae: Euglossini;Euglossa deceptrix;Euglossa;proboscisLength;10,4
M-0118;Apidae: Apinae: Euglossini;Euglossa deceptrix;Euglossa;proboscisLength;10
M-0119;Apidae: Apinae: Euglossini;Euglossa deceptrix;Euglossa;proboscisLength;10,3
M-0120;Apidae: Apinae: Euglossini;Euglossa deceptrix;Euglossa;proboscisLength;9,7
M-C-1926;Apidae: Apinae: Euglossini;Euglossa deceptrix;Euglossa;proboscisLength;10,9
B1329;Apidae: Apinae: Euglossini;Euglossa deceptrix;Euglossa;proboscisLength;7,4
B1314;Apidae: Apinae: Euglossini;Euglossa deceptrix;Euglossa;proboscisLength;7,8
B1315;Apidae: Apinae: Euglossini;Euglossa deceptrix;Euglossa;proboscisLength;8,8
M-0414;Apidae: Apinae: Euglossini;Euglossa deceptrix;Euglossa;proboscisLength;7
J-0068;Apidae: Apinae: Euglossini;Euglossa deceptrix;Euglossa;intertegularDistance;2,87
M-0149;Apidae: Apinae: Euglossini;Eulaema meriana;NA;intertegularDistance;5,5
M-0150;Apidae: Apinae: Euglossini;Eulaema cingulata;NA;intertegularDistance;5,5
M-0172;Apidae: Apinae: Euglossini;Eulaema cingulata;NA;intertegularDistance;5,2
M-0173;Apidae: Apinae: Euglossini;Eulaema cingulata;NA;intertegularDistance;5,5
M-0189;Apidae: Apinae: Euglossini;Exaerete smaragdina;NA;intertegularDistance;4,4
J-0069;Apidae: Apinae: Euglossini;Euglossa deceptrix;Euglossa;intertegularDistance;2,98
M-0206;Apidae: Apinae: Euglossini;Exaerete smaragdina;NA;intertegularDistance;4,4
M-0234;Apidae: Apinae: Euglossini;Exaerete smaragdina;NA;intertegularDistance;4,5
M-0235;Apidae: Apinae: Euglossini;Exaerete smaragdina;NA;intertegularDistance;4,3
M-0236;Apidae: Apinae: Euglossini;Exaerete smaragdina;NA;intertegularDistance;4,3
M-0237;Apidae: Apinae: Euglossini;Exaerete smaragdina;NA;intertegularDistance;4,1
M-0238;Apidae: Apinae: Euglossini;Exaerete smaragdina;NA;intertegularDistance;4,5
M-0239;Apidae: Apinae: Euglossini;Exaerete smaragdina;NA;intertegularDistance;4,1
M-0240;Apidae: Apinae: Euglossini;Exaerete smaragdina;NA;intertegularDistance;4,1
M-0241;Apidae: Apinae: Euglossini;Exaerete smaragdina;NA;intertegularDistance;4,6
J-0339;Apidae: Apinae: Euglossini;Euglossa despecta;Euglossa;intertegularDistance;3,14
J-0780;Apidae: Apinae: Euglossini;Euglossa despecta;Euglossa;intertegularDistance;2,86
J-0141;Apidae: Apinae: Euglossini;Euglossa dissimula;Euglossa;intertegularDistance;2,96
J-0142;Apidae: Apinae: Euglossini;Euglossa dissimula;Euglossa;intertegularDistance;3,13
J-0143;Apidae: Apinae: Euglossini;Euglossa dissimula;Euglossa;intertegularDistance;2,98
J-0852;Apidae: Apinae: Euglossini;Euglossa dissimula;Euglossa;intertegularDistance;2,77
J-0853;Apidae: Apinae: Euglossini;Euglossa dissimula;Euglossa;intertegularDistance;3,06
J-1429;Apidae: Apinae: Euglossini;Euglossa dissimula;Euglossa;intertegularDistance;2,88
J-1862;Apidae: Apinae: Euglossini;Euglossa dissimula;Euglossa;intertegularDistance;2,86
J-1901;Apidae: Apinae: Euglossini;Euglossa dissimula;Euglossa;intertegularDistance;2,99
J-1902;Apidae: Apinae: Euglossini;Euglossa dissimula;Euglossa;intertegularDistance;2,52
M-0152;Apidae: Apinae: Euglossini;Euglossa dissimula;Euglossa;intertegularDistance;3,5
M-0211;Apidae: Apinae: Euglossini;Euglossa dissimula;Euglossa;intertegularDistance;2,9
M-0213;Apidae: Apinae: Euglossini;Euglossa dissimula;Euglossa;intertegularDistance;3,3
M-0327;Apidae: Apinae: Euglossini;Eulaema chocoana;NA;intertegularDistance;5,8
M-0328;Apidae: Apinae: Euglossini;Eulaema chocoana;NA;intertegularDistance;5,3
M-0358;Apidae: Apinae: Euglossini;Exaerete smaragdina;NA;intertegularDistance;4,6
M-0251;Apidae: Apinae: Euglossini;Euglossa dissimula;Euglossa;intertegularDistance;3,2
M-0634;Apidae: Apinae: Euglossini;Euglossa dissimula;Euglossa;intertegularDistance;3,4
M-0434;Apidae: Apinae: Euglossini;Exaerete smaragdina;NA;intertegularDistance;3,7
M-0449;Apidae: Apinae: Euglossini;Eulaema meriana;NA;intertegularDistance;6,3
M-0450;Apidae: Apinae: Euglossini;Exaerete smaragdina;NA;intertegularDistance;4,5
M-0451;Apidae: Apinae: Euglossini;Exaerete smaragdina;NA;intertegularDistance;4,5
M-0491;Apidae: Apinae: Euglossini;Eulaema cingulata;NA;intertegularDistance;4,7
M-0492;Apidae: Apinae: Euglossini;Eulaema cingulata;NA;intertegularDistance;5,1
M-1001;Apidae: Apinae: Euglossini;Euglossa dissimula;Euglossa;intertegularDistance;3,3
M-0499;Apidae: Apinae: Euglossini;Exaerete smaragdina;NA;intertegularDistance;4,1
M-0500;Apidae: Apinae: Euglossini;Exaerete smaragdina;NA;intertegularDistance;3,9
M-0501;Apidae: Apinae: Euglossini;Exaerete smaragdina;NA;intertegularDistance;4,2
M-1245;Apidae: Apinae: Euglossini;Euglossa dissimula;Euglossa;intertegularDistance;3,5
M-C-2134;Apidae: Apinae: Euglossini;Euglossa dissimula;Euglossa;intertegularDistance;3,4
M-C-2242;Apidae: Apinae: Euglossini;Euglossa dissimula;Euglossa;intertegularDistance;3,3
M-C-2356;Apidae: Apinae: Euglossini;Euglossa dissimula;Euglossa;intertegularDistance;3,3
M-0548;Apidae: Apinae: Euglossini;Eufriesea chrysopyga;NA;intertegularDistance;4,6
M-0152;Apidae: Apinae: Euglossini;Euglossa dissimula;Euglossa;proboscisLength;6,7
M-0211;Apidae: Apinae: Euglossini;Euglossa dissimula;Euglossa;proboscisLength;6
M-0213;Apidae: Apinae: Euglossini;Euglossa dissimula;Euglossa;proboscisLength;7,3
M-0574;Apidae: Apinae: Euglossini;Eulaema meriana;NA;intertegularDistance;5,3
M-0575;Apidae: Apinae: Euglossini;Eulaema meriana;NA;intertegularDistance;6,1
M-0576;Apidae: Apinae: Euglossini;Eulaema meriana;NA;intertegularDistance;6
M-0578;Apidae: Apinae: Euglossini;Eulaema chocoana;NA;intertegularDistance;5,6
M-0579;Apidae: Apinae: Euglossini;Eulaema chocoana;NA;intertegularDistance;6,1
M-0580;Apidae: Apinae: Euglossini;Eulaema chocoana;NA;intertegularDistance;6
M-0581;Apidae: Apinae: Euglossini;Eulaema chocoana;NA;intertegularDistance;6
M-0251;Apidae: Apinae: Euglossini;Euglossa dissimula;Euglossa;proboscisLength;7,5
M-0634;Apidae: Apinae: Euglossini;Euglossa dissimula;Euglossa;proboscisLength;7,6
M-0605;Apidae: Apinae: Euglossini;Eufriesea pulchra;NA;intertegularDistance;5,2
M-1001;Apidae: Apinae: Euglossini;Euglossa dissimula;Euglossa;proboscisLength;7,8
M-0644;Apidae: Apinae: Euglossini;Eulaema bombiformis;NA;intertegularDistance;6,8
M-0645;Apidae: Apinae: Euglossini;Eulaema bombiformis;NA;intertegularDistance;7
M-0646;Apidae: Apinae: Euglossini;Exaerete smaragdina;NA;intertegularDistance;4,3
M-0647;Apidae: Apinae: Euglossini;Exaerete smaragdina;NA;intertegularDistance;4,5
M-0684;Apidae: Apinae: Euglossini;Exaerete smaragdina;NA;intertegularDistance;4,3
M-0685;Apidae: Apinae: Euglossini;Exaerete smaragdina;NA;intertegularDistance;4,2
M-0686;Apidae: Apinae: Euglossini;Exaerete smaragdina;NA;intertegularDistance;4,4
M-1245;Apidae: Apinae: Euglossini;Euglossa dissimula;Euglossa;proboscisLength;6,2
M-0713;Apidae: Apinae: Euglossini;Eulaema meriana;NA;intertegularDistance;5,9
M-C-2134;Apidae: Apinae: Euglossini;Euglossa dissimula;Euglossa;proboscisLength;8
M-C-2242;Apidae: Apinae: Euglossini;Euglossa dissimula;Euglossa;proboscisLength;7,8
M-C-2356;Apidae: Apinae: Euglossini;Euglossa dissimula;Euglossa;proboscisLength;8
J-0852;Apidae: Apinae: Euglossini;Euglossa dissimula;Euglossa;proboscisLength;10,34
J-0853;Apidae: Apinae: Euglossini;Euglossa dissimula;Euglossa;proboscisLength;10,6
J-1862;Apidae: Apinae: Euglossini;Euglossa dissimula;Euglossa;proboscisLength;11,99
M-0111;Apidae: Apinae: Euglossini;Euglossa dodsoni;Glossurella;intertegularDistance;3,1
M-0143;Apidae: Apinae: Euglossini;Euglossa dodsoni;Glossurella;intertegularDistance;3
M-0144;Apidae: Apinae: Euglossini;Euglossa dodsoni;Glossurella;intertegularDistance;3
M-1335;Apidae: Apinae: Euglossini;Euglossa dodsoni;Glossurella;intertegularDistance;2,8
M-0796;Apidae: Apinae: Euglossini;Eulaema flavescens;NA;intertegularDistance;6
M-0797;Apidae: Apinae: Euglossini;Eulaema leucopyga;NA;intertegularDistance;5,9
M-0814;Apidae: Apinae: Euglossini;Eulaema cingulata;NA;intertegularDistance;4,6
B1378;Apidae: Apinae: Euglossini;Euglossa dodsoni;Glossurella;intertegularDistance;2,9
M-1504;Apidae: Apinae: Euglossini;Euglossa dodsoni;Glossurella;intertegularDistance;3
M-1260;Apidae: Apinae: Euglossini;Euglossa dodsoni;Glossurella;intertegularDistance;2,7
M-1265;Apidae: Apinae: Euglossini;Euglossa dodsoni;Glossurella;intertegularDistance;2,9
M-1267;Apidae: Apinae: Euglossini;Euglossa dodsoni;Glossurella;intertegularDistance;3
M-1574;Apidae: Apinae: Euglossini;Euglossa dodsoni;Glossurella;intertegularDistance;3,1
M-0111;Apidae: Apinae: Euglossini;Euglossa dodsoni;Glossurella;proboscisLength;9,7
M-0143;Apidae: Apinae: Euglossini;Euglossa dodsoni;Glossurella;proboscisLength;9,5
M-0144;Apidae: Apinae: Euglossini;Euglossa dodsoni;Glossurella;proboscisLength;11
M-1335;Apidae: Apinae: Euglossini;Euglossa dodsoni;Glossurella;proboscisLength;12,4
B1378;Apidae: Apinae: Euglossini;Euglossa dodsoni;Glossurella;proboscisLength;8,9
M-1504;Apidae: Apinae: Euglossini;Euglossa dodsoni;Glossurella;proboscisLength;7,8
M-0981;Apidae: Apinae: Euglossini;Exaerete smaragdina;NA;intertegularDistance;4,6
M-1019;Apidae: Apinae: Euglossini;Eufriesea chrysopyga;NA;intertegularDistance;4,2
M-1260;Apidae: Apinae: Euglossini;Euglossa dodsoni;Glossurella;proboscisLength;7
M-1265;Apidae: Apinae: Euglossini;Euglossa dodsoni;Glossurella;proboscisLength;7,6
M-1267;Apidae: Apinae: Euglossini;Euglossa dodsoni;Glossurella;proboscisLength;6,3
M-1574;Apidae: Apinae: Euglossini;Euglossa dodsoni;Glossurella;proboscisLength;8
J-0711;Apidae: Apinae: Euglossini;Euglossa dressleri;NA;intertegularDistance;2,88
J-0158;Apidae: Apinae: Euglossini;Euglossa flammea;Glossura;intertegularDistance;3,4
J-0159;Apidae: Apinae: Euglossini;Euglossa flammea;Glossura;intertegularDistance;3,89
M-1155;Apidae: Apinae: Euglossini;Exaerete smaragdina;NA;intertegularDistance;4,4
J-0167;Apidae: Apinae: Euglossini;Euglossa flammea;Glossura;intertegularDistance;3,1
J-0404;Apidae: Apinae: Euglossini;Euglossa flammea;Glossura;intertegularDistance;3,68
M-1184;Apidae: Apinae: Euglossini;Eufriesea chrysopyga;NA;intertegularDistance;4,6
J-1873;Apidae: Apinae: Euglossini;Euglossa flammea;Glossura;intertegularDistance;2,9
M-1295;Apidae: Apinae: Euglossini;Exaerete smaragdina;NA;intertegularDistance;4,7
M-1297;Apidae: Apinae: Euglossini;Exaerete smaragdina;NA;intertegularDistance;4,5
M-0025;Apidae: Apinae: Euglossini;Euglossa flammea;Glossura;intertegularDistance;3,3
M-0026;Apidae: Apinae: Euglossini;Euglossa flammea;Glossura;intertegularDistance;3,6
M-0027;Apidae: Apinae: Euglossini;Euglossa flammea;Glossura;intertegularDistance;3,4
M-0028;Apidae: Apinae: Euglossini;Euglossa flammea;Glossura;intertegularDistance;3,3
M-0029;Apidae: Apinae: Euglossini;Euglossa flammea;Glossura;intertegularDistance;3,4
M-0030;Apidae: Apinae: Euglossini;Euglossa flammea;Glossura;intertegularDistance;3,4
M-1426;Apidae: Apinae: Euglossini;Exaerete smaragdina;NA;intertegularDistance;4
M-1427;Apidae: Apinae: Euglossini;Exaerete smaragdina;NA;intertegularDistance;4,6
M-1428;Apidae: Apinae: Euglossini;Exaerete smaragdina;NA;intertegularDistance;4,3
M-1429;Apidae: Apinae: Euglossini;Exaerete smaragdina;NA;intertegularDistance;4,6
M-1430;Apidae: Apinae: Euglossini;Exaerete smaragdina;NA;intertegularDistance;4,4
M-1431;Apidae: Apinae: Euglossini;Exaerete smaragdina;NA;intertegularDistance;4,3
M-1432;Apidae: Apinae: Euglossini;Eulaema meriana;NA;intertegularDistance;6
M-1433;Apidae: Apinae: Euglossini;Eulaema meriana;NA;intertegularDistance;6
M-1434;Apidae: Apinae: Euglossini;Eulaema meriana;NA;intertegularDistance;6,1
M-1445;Apidae: Apinae: Euglossini;Eulaema meriana;NA;intertegularDistance;6,3
M-1454;Apidae: Apinae: Euglossini;Eulaema leucopyga;NA;intertegularDistance;5,9
M-1461;Apidae: Apinae: Euglossini;Exaerete smaragdina;NA;intertegularDistance;4,5
M-0101;Apidae: Apinae: Euglossini;Euglossa flammea;Glossura;intertegularDistance;3,5
M-1488;Apidae: Apinae: Euglossini;Eufriesea chrysopyga;NA;intertegularDistance;4,4
M-1489;Apidae: Apinae: Euglossini;Eufriesea chrysopyga;NA;intertegularDistance;4,7
M-0102;Apidae: Apinae: Euglossini;Euglossa flammea;Glossura;intertegularDistance;3,6
M-0103;Apidae: Apinae: Euglossini;Euglossa flammea;Glossura;intertegularDistance;3,7
M-0104;Apidae: Apinae: Euglossini;Euglossa flammea;Glossura;intertegularDistance;3,5
M-0105;Apidae: Apinae: Euglossini;Euglossa flammea;Glossura;intertegularDistance;3,3
M-0106;Apidae: Apinae: Euglossini;Euglossa flammea;Glossura;intertegularDistance;3,5
M-0107;Apidae: Apinae: Euglossini;Euglossa flammea;Glossura;intertegularDistance;3,6
M-0121;Apidae: Apinae: Euglossini;Euglossa flammea;Glossura;intertegularDistance;3,4
M-0125;Apidae: Apinae: Euglossini;Euglossa flammea;Glossura;intertegularDistance;3,6
M-0726;Apidae: Apinae: Euglossini;Euglossa flammea;Glossura;intertegularDistance;3,2
M-0727;Apidae: Apinae: Euglossini;Euglossa flammea;Glossura;intertegularDistance;3,2
M-1595;Apidae: Apinae: Euglossini;Eufriesea chrysopyga;NA;intertegularDistance;4,8
M-1596;Apidae: Apinae: Euglossini;Eufriesea chrysopyga;NA;intertegularDistance;4,6
M-1597;Apidae: Apinae: Euglossini;Eufriesea chrysopyga;NA;intertegularDistance;4,9
M-1598;Apidae: Apinae: Euglossini;Eufriesea chrysopyga;NA;intertegularDistance;4,9
M-1599;Apidae: Apinae: Euglossini;Eufriesea chrysopyga;NA;intertegularDistance;4,5
M-1600;Apidae: Apinae: Euglossini;Eufriesea chrysopyga;NA;intertegularDistance;4,5
M-1601;Apidae: Apinae: Euglossini;Eufriesea lucida;NA;intertegularDistance;4,8
M-0728;Apidae: Apinae: Euglossini;Euglossa flammea;Glossura;intertegularDistance;3,5
M-0729;Apidae: Apinae: Euglossini;Euglossa flammea;Glossura;intertegularDistance;3,4
M-0730;Apidae: Apinae: Euglossini;Euglossa flammea;Glossura;intertegularDistance;3,5
M-0731;Apidae: Apinae: Euglossini;Euglossa flammea;Glossura;intertegularDistance;3,3
M-1683;Apidae: Apinae: Euglossini;Eufriesea chrysopyga;NA;intertegularDistance;5
M-1684;Apidae: Apinae: Euglossini;Eufriesea chrysopyga;NA;intertegularDistance;5
M-1685;Apidae: Apinae: Euglossini;Eufriesea chrysopyga;NA;intertegularDistance;4,7
M-1686;Apidae: Apinae: Euglossini;Eufriesea chrysopyga;NA;intertegularDistance;4,9
M-1687;Apidae: Apinae: Euglossini;Eufriesea chrysopyga;NA;intertegularDistance;4,9
M-1688;Apidae: Apinae: Euglossini;Eufriesea chrysopyga;NA;intertegularDistance;4,8
M-1689;Apidae: Apinae: Euglossini;Eufriesea chrysopyga;NA;intertegularDistance;4,6
M-1690;Apidae: Apinae: Euglossini;Eufriesea chrysopyga;NA;intertegularDistance;4,8
M-1691;Apidae: Apinae: Euglossini;Eufriesea chrysopyga;NA;intertegularDistance;4,7
M-1692;Apidae: Apinae: Euglossini;Eufriesea chrysopyga;NA;intertegularDistance;4,5
M-0732;Apidae: Apinae: Euglossini;Euglossa flammea;Glossura;intertegularDistance;3,5
M-C-2059;Apidae: Apinae: Euglossini;Euglossa flammea;Glossura;intertegularDistance;3,4
M-0025;Apidae: Apinae: Euglossini;Euglossa flammea;Glossura;proboscisLength;20,9
M-0026;Apidae: Apinae: Euglossini;Euglossa flammea;Glossura;proboscisLength;22,1
M-0027;Apidae: Apinae: Euglossini;Euglossa flammea;Glossura;proboscisLength;22
M-0028;Apidae: Apinae: Euglossini;Euglossa flammea;Glossura;proboscisLength;21,3
M-0029;Apidae: Apinae: Euglossini;Euglossa flammea;Glossura;proboscisLength;21,9
M-1868;Apidae: Apinae: Euglossini;Eufriesea chrysopyga;NA;intertegularDistance;4,6
M-1875;Apidae: Apinae: Euglossini;Eufriesea lucida;NA;intertegularDistance;4,5
M-1876;Apidae: Apinae: Euglossini;Eufriesea chrysopyga;NA;intertegularDistance;4,7
M-1877;Apidae: Apinae: Euglossini;Eufriesea chrysopyga;NA;intertegularDistance;4,6
M-1878;Apidae: Apinae: Euglossini;Eufriesea lucifera;NA;intertegularDistance;5
M-1879;Apidae: Apinae: Euglossini;Exaerete smaragdina;NA;intertegularDistance;4,4
M-0030;Apidae: Apinae: Euglossini;Euglossa flammea;Glossura;proboscisLength;22,6
M-C-1922;Apidae: Apinae: Euglossini;Eufriesea asarophora;NA;intertegularDistance;4,1
M-C-1923;Apidae: Apinae: Euglossini;Eufriesea asarophora;NA;intertegularDistance;4,1
M-0101;Apidae: Apinae: Euglossini;Euglossa flammea;Glossura;proboscisLength;23,4
M-0102;Apidae: Apinae: Euglossini;Euglossa flammea;Glossura;proboscisLength;23,5
M-0103;Apidae: Apinae: Euglossini;Euglossa flammea;Glossura;proboscisLength;25,4
M-0104;Apidae: Apinae: Euglossini;Euglossa flammea;Glossura;proboscisLength;24,1
M-2079;Apidae: Apinae: Euglossini;Eulaema meriana;NA;intertegularDistance;6,1
M-C-2458;Apidae: Apinae: Euglossini;Eufriesea flaviventris;NA;intertegularDistance;4,57
B1386;Apidae: Apinae: Euglossini;Eufriesea purpurata;NA;intertegularDistance;4,28
B1164;Apidae: Apinae: Euglossini;Eufriesea rufocaudata;NA;intertegularDistance;4,58
M-0105;Apidae: Apinae: Euglossini;Euglossa flammea;Glossura;proboscisLength;22,1
M-0106;Apidae: Apinae: Euglossini;Euglossa flammea;Glossura;proboscisLength;23,1
M-0107;Apidae: Apinae: Euglossini;Euglossa flammea;Glossura;proboscisLength;24,1
M-0121;Apidae: Apinae: Euglossini;Euglossa flammea;Glossura;proboscisLength;21,6
M-0125;Apidae: Apinae: Euglossini;Euglossa flammea;Glossura;proboscisLength;23,3
M-0726;Apidae: Apinae: Euglossini;Euglossa flammea;Glossura;proboscisLength;24,8
M-0727;Apidae: Apinae: Euglossini;Euglossa flammea;Glossura;proboscisLength;22,5
M-0728;Apidae: Apinae: Euglossini;Euglossa flammea;Glossura;proboscisLength;22,7
M-0729;Apidae: Apinae: Euglossini;Euglossa flammea;Glossura;proboscisLength;24,4
M-0730;Apidae: Apinae: Euglossini;Euglossa flammea;Glossura;proboscisLength;23,5
M-0731;Apidae: Apinae: Euglossini;Euglossa flammea;Glossura;proboscisLength;22,1
M-0732;Apidae: Apinae: Euglossini;Euglossa flammea;Glossura;proboscisLength;24,1
M-C-2059;Apidae: Apinae: Euglossini;Euglossa flammea;Glossura;proboscisLength;24,5
J-0158;Apidae: Apinae: Euglossini;Euglossa flammea;Glossura;proboscisLength;29,13
J-0159;Apidae: Apinae: Euglossini;Euglossa flammea;Glossura;proboscisLength;27,13
J-0167;Apidae: Apinae: Euglossini;Euglossa flammea;Glossura;proboscisLength;24,43
J-0407;Apidae: Apinae: Euglossini;Euglossa flammea;Glossura;proboscisLength;32,48
M-1495;Apidae: Apinae: Euglossini;Euglossa gaianii;Euglossa;intertegularDistance;3,5
M-C-2362;Apidae: Apinae: Euglossini;Euglossa gaianii;Euglossa;intertegularDistance;3,5
M-1495;Apidae: Apinae: Euglossini;Euglossa gaianii;Euglossa;proboscisLength;7,9
M-C-2362;Apidae: Apinae: Euglossini;Euglossa gaianii;Euglossa;proboscisLength;7,4
M-0015;Apidae: Apinae: Euglossini;Euglossa gibbosa;Euglossa;intertegularDistance;3,2
M-1114;Apidae: Apinae: Euglossini;Euglossa gibbosa;Euglossa;intertegularDistance;2,7
M-1115;Apidae: Apinae: Euglossini;Euglossa gibbosa;Euglossa;intertegularDistance;2,9
M-1116;Apidae: Apinae: Euglossini;Euglossa gibbosa;Euglossa;intertegularDistance;2,7
M-1708;Apidae: Apinae: Euglossini;Euglossa gibbosa;Euglossa;intertegularDistance;3,3
M-0180;Apidae: Apinae: Euglossini;Euglossa gibbosa;Euglossa;intertegularDistance;3,2
M-0569;Apidae: Apinae: Euglossini;Euglossa gibbosa;Euglossa;intertegularDistance;3,3
M-1244;Apidae: Apinae: Euglossini;Euglossa gibbosa;Euglossa;intertegularDistance;3,5
M-1270;Apidae: Apinae: Euglossini;Euglossa gibbosa;Euglossa;intertegularDistance;3,1
M-1159;Apidae: Apinae: Euglossini;Euglossa gibbosa;Euglossa;intertegularDistance;3,1
M-0015;Apidae: Apinae: Euglossini;Euglossa gibbosa;Euglossa;proboscisLength;10,8
M-1114;Apidae: Apinae: Euglossini;Euglossa gibbosa;Euglossa;proboscisLength;12,2
M-1115;Apidae: Apinae: Euglossini;Euglossa gibbosa;Euglossa;proboscisLength;11,9
M-1116;Apidae: Apinae: Euglossini;Euglossa gibbosa;Euglossa;proboscisLength;11,3
M-1708;Apidae: Apinae: Euglossini;Euglossa gibbosa;Euglossa;proboscisLength;11,1
M-0180;Apidae: Apinae: Euglossini;Euglossa gibbosa;Euglossa;proboscisLength;7,7
M-0569;Apidae: Apinae: Euglossini;Euglossa gibbosa;Euglossa;proboscisLength;6,8
M-1244;Apidae: Apinae: Euglossini;Euglossa gibbosa;Euglossa;proboscisLength;6,5
M-1270;Apidae: Apinae: Euglossini;Euglossa gibbosa;Euglossa;proboscisLength;7,9
M-1159;Apidae: Apinae: Euglossini;Euglossa gibbosa;Euglossa;proboscisLength;8,6
J-0291;Apidae: Apinae: Euglossini;Euglossa gibossa;Euglossa;intertegularDistance;2,54
J-0008;Apidae: Apinae: Euglossini;Euglossa gorgonensis;Glossurella;intertegularDistance;2,72
J-0023;Apidae: Apinae: Euglossini;Euglossa gorgonensis;Glossurella;intertegularDistance;2,75
J-0106;Apidae: Apinae: Euglossini;Euglossa gorgonensis;Glossurella;intertegularDistance;2,76
J-0239;Apidae: Apinae: Euglossini;Euglossa gorgonensis;Glossurella;intertegularDistance;2,54
J-0521;Apidae: Apinae: Euglossini;Euglossa gorgonensis;Glossurella;intertegularDistance;2,85
J-0737;Apidae: Apinae: Euglossini;Euglossa gorgonensis;Glossurella;intertegularDistance;2,68
J-0738;Apidae: Apinae: Euglossini;Euglossa gorgonensis;Glossurella;intertegularDistance;2,59
J-0739;Apidae: Apinae: Euglossini;Euglossa gorgonensis;Glossurella;intertegularDistance;2,67
J-1145;Apidae: Apinae: Euglossini;Euglossa gorgonensis;Glossurella;intertegularDistance;2,65
J-1148;Apidae: Apinae: Euglossini;Euglossa gorgonensis;Glossurella;intertegularDistance;2,69
J-1149;Apidae: Apinae: Euglossini;Euglossa gorgonensis;Glossurella;intertegularDistance;3,33
J-1185;Apidae: Apinae: Euglossini;Euglossa gorgonensis;Glossurella;intertegularDistance;2,78
J-1194;Apidae: Apinae: Euglossini;Euglossa gorgonensis;Glossurella;intertegularDistance;2,42
J-1246;Apidae: Apinae: Euglossini;Euglossa gorgonensis;Glossurella;intertegularDistance;2,93
J-1269;Apidae: Apinae: Euglossini;Euglossa gorgonensis;Glossurella;intertegularDistance;2,83
J-1615;Apidae: Apinae: Euglossini;Euglossa gorgonensis;Glossurella;intertegularDistance;2,51
M-1334;Apidae: Apinae: Euglossini;Euglossa gorgonensis;Glossurella;intertegularDistance;2,6
B1045;Apidae: Apinae: Euglossini;Euglossa gorgonensis;Glossurella;intertegularDistance;3
M-1334;Apidae: Apinae: Euglossini;Euglossa gorgonensis;Glossurella;proboscisLength;14,2
B1045;Apidae: Apinae: Euglossini;Euglossa gorgonensis;Glossurella;proboscisLength;12,7
J-0023;Apidae: Apinae: Euglossini;Euglossa gorgonensis;Glossurella;proboscisLength;13,05
J-0239;Apidae: Apinae: Euglossini;Euglossa gorgonensis;Glossurella;proboscisLength;15,05
J-0521;Apidae: Apinae: Euglossini;Euglossa gorgonensis;Glossurella;proboscisLength;13,75
J-0738;Apidae: Apinae: Euglossini;Euglossa gorgonensis;Glossurella;proboscisLength;14,22
J-0739;Apidae: Apinae: Euglossini;Euglossa gorgonensis;Glossurella;proboscisLength;15,39
J-1145;Apidae: Apinae: Euglossini;Euglossa gorgonensis;Glossurella;proboscisLength;14,03
J-1148;Apidae: Apinae: Euglossini;Euglossa gorgonensis;Glossurella;proboscisLength;18,36
J-1149;Apidae: Apinae: Euglossini;Euglossa gorgonensis;Glossurella;proboscisLength;14,3
J-1185;Apidae: Apinae: Euglossini;Euglossa gorgonensis;Glossurella;proboscisLength;14,53
J-1246;Apidae: Apinae: Euglossini;Euglossa gorgonensis;Glossurella;proboscisLength;14,91
J-1269;Apidae: Apinae: Euglossini;Euglossa gorgonensis;Glossurella;proboscisLength;14,45
J-1615;Apidae: Apinae: Euglossini;Euglossa gorgonensis;Glossurella;proboscisLength;13,81
J-0109;Apidae: Apinae: Euglossini;Euglossa hansoni;Euglossa;intertegularDistance;3,04
J-0214;Apidae: Apinae: Euglossini;Euglossa hansoni;Euglossa;intertegularDistance;3,1
J-0955;Apidae: Apinae: Euglossini;Euglossa hansoni;Euglossa;intertegularDistance;2,98
M-0092;Apidae: Apinae: Euglossini;Euglossa hansoni;Euglossa;intertegularDistance;3,2
M-0127;Apidae: Apinae: Euglossini;Euglossa hansoni;Euglossa;intertegularDistance;3
M-0550;Apidae: Apinae: Euglossini;Euglossa hansoni;Euglossa;intertegularDistance;3
M-1240;Apidae: Apinae: Euglossini;Euglossa hansoni;Euglossa;intertegularDistance;3,2
M-1704;Apidae: Apinae: Euglossini;Euglossa hansoni;Euglossa;intertegularDistance;3,2
M-1705;Apidae: Apinae: Euglossini;Euglossa hansoni;Euglossa;intertegularDistance;3,4
M-1716;Apidae: Apinae: Euglossini;Euglossa hansoni;Euglossa;intertegularDistance;3,4
M-1717;Apidae: Apinae: Euglossini;Euglossa hansoni;Euglossa;intertegularDistance;3,3
M-1718;Apidae: Apinae: Euglossini;Euglossa hansoni;Euglossa;intertegularDistance;3,4
M-1719;Apidae: Apinae: Euglossini;Euglossa hansoni;Euglossa;intertegularDistance;3,4
M-0092;Apidae: Apinae: Euglossini;Euglossa hansoni;Euglossa;proboscisLength;9,6
M-0127;Apidae: Apinae: Euglossini;Euglossa hansoni;Euglossa;proboscisLength;9,7
M-0550;Apidae: Apinae: Euglossini;Euglossa hansoni;Euglossa;proboscisLength;9,2
M-1240;Apidae: Apinae: Euglossini;Euglossa hansoni;Euglossa;proboscisLength;7
M-1704;Apidae: Apinae: Euglossini;Euglossa hansoni;Euglossa;proboscisLength;7,1
M-1705;Apidae: Apinae: Euglossini;Euglossa hansoni;Euglossa;proboscisLength;7,7
M-1716;Apidae: Apinae: Euglossini;Euglossa hansoni;Euglossa;proboscisLength;7,7
M-1717;Apidae: Apinae: Euglossini;Euglossa hansoni;Euglossa;proboscisLength;6,8
M-1718;Apidae: Apinae: Euglossini;Euglossa hansoni;Euglossa;proboscisLength;6,8
M-1719;Apidae: Apinae: Euglossini;Euglossa hansoni;Euglossa;proboscisLength;7,4
J-0109;Apidae: Apinae: Euglossini;Euglossa hansoni;Euglossa;proboscisLength;11,11
J-0214;Apidae: Apinae: Euglossini;Euglossa hansoni;Euglossa;proboscisLength;10,09
J-0955;Apidae: Apinae: Euglossini;Euglossa hansoni;Euglossa;proboscisLength;14
J-0047;Apidae: Apinae: Euglossini;Euglossa hemichlora;Euglossa;intertegularDistance;2,92
M-0113;Apidae: Apinae: Euglossini;Euglossa hemichlora;Euglossa;intertegularDistance;3,1
M-1272;Apidae: Apinae: Euglossini;Euglossa hemichlora;Euglossa;intertegularDistance;3,2
B1163;Apidae: Apinae: Euglossini;Euglossa hemichlora;Euglossa;intertegularDistance;3,3
M-0113;Apidae: Apinae: Euglossini;Euglossa hemichlora;Euglossa;proboscisLength;9,6
M-1272;Apidae: Apinae: Euglossini;Euglossa hemichlora;Euglossa;proboscisLength;7,6
B1163;Apidae: Apinae: Euglossini;Euglossa hemichlora;Euglossa;proboscisLength;5,8
J-0350a;Apidae: Apinae: Euglossini;Euglossa heterosticta;Euglossa;intertegularDistance;3,01
J-0388;Apidae: Apinae: Euglossini;Euglossa heterosticta;Euglossa;intertegularDistance;2,9
J-0529;Apidae: Apinae: Euglossini;Euglossa heterosticta;Euglossa;intertegularDistance;2,78
J-0786;Apidae: Apinae: Euglossini;Euglossa heterosticta;Euglossa;intertegularDistance;2,85
J-1044;Apidae: Apinae: Euglossini;Euglossa heterosticta;Euglossa;intertegularDistance;2,5
J-1515;Apidae: Apinae: Euglossini;Euglossa heterosticta;Euglossa;intertegularDistance;2,31
M-0957;Apidae: Apinae: Euglossini;Euglossa heterosticta;Euglossa;intertegularDistance;2,9
M-0958;Apidae: Apinae: Euglossini;Euglossa heterosticta;Euglossa;intertegularDistance;2,6
M-C-1942;Apidae: Apinae: Euglossini;Euglossa heterosticta;Euglossa;intertegularDistance;3,1
M-C-2052;Apidae: Apinae: Euglossini;Euglossa heterosticta;Euglossa;intertegularDistance;3,3
M-1144;Apidae: Apinae: Euglossini;Euglossa heterosticta;Euglossa;intertegularDistance;3,2
M-1124;Apidae: Apinae: Euglossini;Euglossa heterosticta;Euglossa;intertegularDistance;3,4
B1325;Apidae: Apinae: Euglossini;Euglossa heterosticta;Euglossa;intertegularDistance;3,2
B1326;Apidae: Apinae: Euglossini;Euglossa heterosticta;Euglossa;intertegularDistance;3,3
M-C-2053;Apidae: Apinae: Euglossini;Euglossa heterosticta;Euglossa;intertegularDistance;3,2
M-C-2054;Apidae: Apinae: Euglossini;Euglossa heterosticta;Euglossa;intertegularDistance;3,2
M-0957;Apidae: Apinae: Euglossini;Euglossa heterosticta;Euglossa;proboscisLength;8,8
M-0958;Apidae: Apinae: Euglossini;Euglossa heterosticta;Euglossa;proboscisLength;7,3
M-C-1942;Apidae: Apinae: Euglossini;Euglossa heterosticta;Euglossa;proboscisLength;5,8
M-C-2052;Apidae: Apinae: Euglossini;Euglossa heterosticta;Euglossa;proboscisLength;6,3
M-1144;Apidae: Apinae: Euglossini;Euglossa heterosticta;Euglossa;proboscisLength;6,1
M-1124;Apidae: Apinae: Euglossini;Euglossa heterosticta;Euglossa;proboscisLength;5,8
B1325;Apidae: Apinae: Euglossini;Euglossa heterosticta;Euglossa;proboscisLength;7
B1326;Apidae: Apinae: Euglossini;Euglossa heterosticta;Euglossa;proboscisLength;7,4
M-C-2053;Apidae: Apinae: Euglossini;Euglossa heterosticta;Euglossa;proboscisLength;8,6
M-C-2054;Apidae: Apinae: Euglossini;Euglossa heterosticta;Euglossa;proboscisLength;6,8
J-0350a;Apidae: Apinae: Euglossini;Euglossa heterosticta;Euglossa;proboscisLength;8,69
J-0388;Apidae: Apinae: Euglossini;Euglossa heterosticta;Euglossa;proboscisLength;13,54
J-0529;Apidae: Apinae: Euglossini;Euglossa heterosticta;Euglossa;proboscisLength;13,54
J-0786;Apidae: Apinae: Euglossini;Euglossa heterosticta;Euglossa;proboscisLength;10,47
J-1044;Apidae: Apinae: Euglossini;Euglossa heterosticta;Euglossa;proboscisLength;9,86
J-1515;Apidae: Apinae: Euglossini;Euglossa heterosticta;Euglossa;proboscisLength;10,38
M-0498;Apidae: Apinae: Euglossini;Eulaema bombiformis;NA;intertegularDistance;7,1
M-0986;Apidae: Apinae: Euglossini;Eulaema bombiformis;NA;intertegularDistance;6,8
M-0987;Apidae: Apinae: Euglossini;Eulaema bombiformis;NA;intertegularDistance;6,9
M-0988;Apidae: Apinae: Euglossini;Eulaema bombiformis;NA;intertegularDistance;7
M-0989;Apidae: Apinae: Euglossini;Eulaema bombiformis;NA;intertegularDistance;7
M-0661;Apidae: Apinae: Euglossini;Eulaema chocoana;NA;intertegularDistance;6,1
M-0984;Apidae: Apinae: Euglossini;Eulaema chocoana;NA;intertegularDistance;6
M-1329;Apidae: Apinae: Euglossini;Eulaema chocoana;NA;intertegularDistance;6,2
M-1330;Apidae: Apinae: Euglossini;Eulaema chocoana;NA;intertegularDistance;6,2
M-0466;Apidae: Apinae: Euglossini;Eulaema cingulata;NA;intertegularDistance;5,2
M-1152;Apidae: Apinae: Euglossini;Eulaema flavescens;NA;intertegularDistance;5,5
M-1693;Apidae: Apinae: Euglossini;Eulaema flavescens;NA;intertegularDistance;6
M-0001;Apidae: Apinae: Euglossini;Eulaema bombiformis;NA;proboscisLength;24,7
M-0002;Apidae: Apinae: Euglossini;Eulaema bombiformis;NA;proboscisLength;22,3
M-0003;Apidae: Apinae: Euglossini;Eulaema meriana;NA;proboscisLength;27,6
M-0004;Apidae: Apinae: Euglossini;Eulaema meriana;NA;proboscisLength;22,2
M-0005;Apidae: Apinae: Euglossini;Eulaema meriana;NA;proboscisLength;21,8
M-0006;Apidae: Apinae: Euglossini;Eulaema meriana;NA;proboscisLength;21,5
M-0007;Apidae: Apinae: Euglossini;Eulaema meriana;NA;proboscisLength;22,3
M-0008;Apidae: Apinae: Euglossini;Eulaema meriana;NA;proboscisLength;22,1
M-0009;Apidae: Apinae: Euglossini;Eulaema meriana;NA;proboscisLength;21,7
M-0010;Apidae: Apinae: Euglossini;Eulaema meriana;NA;proboscisLength;22,5
M-0011;Apidae: Apinae: Euglossini;Eulaema meriana;NA;proboscisLength;22,3
M-0012;Apidae: Apinae: Euglossini;Eulaema meriana;NA;proboscisLength;21
M-0013;Apidae: Apinae: Euglossini;Eulaema meriana;NA;proboscisLength;22,6
M-0014;Apidae: Apinae: Euglossini;Eulaema meriana;NA;proboscisLength;22,7
J-1048;Apidae: Apinae: Euglossini;Euglossa ignita;Glossura;intertegularDistance;3,15
M-0282;Apidae: Apinae: Euglossini;Euglossa ignita;Glossura;intertegularDistance;2,9
M-0518;Apidae: Apinae: Euglossini;Euglossa ignita;Glossura;intertegularDistance;2,8
M-1042;Apidae: Apinae: Euglossini;Euglossa ignita;Glossura;intertegularDistance;3,2
M-1575;Apidae: Apinae: Euglossini;Euglossa ignita;Glossura;intertegularDistance;3
B1357;Apidae: Apinae: Euglossini;Euglossa ignita;Glossura;intertegularDistance;3,3
B1358;Apidae: Apinae: Euglossini;Euglossa ignita;Glossura;intertegularDistance;3,7
B1359;Apidae: Apinae: Euglossini;Euglossa ignita;Glossura;intertegularDistance;3,6
B1360;Apidae: Apinae: Euglossini;Euglossa ignita;Glossura;intertegularDistance;3,4
B1361;Apidae: Apinae: Euglossini;Euglossa ignita;Glossura;intertegularDistance;3,4
B1362;Apidae: Apinae: Euglossini;Euglossa ignita;Glossura;intertegularDistance;3,6
M-0282;Apidae: Apinae: Euglossini;Euglossa ignita;Glossura;proboscisLength;13,1
M-0518;Apidae: Apinae: Euglossini;Euglossa ignita;Glossura;proboscisLength;16,7
M-1042;Apidae: Apinae: Euglossini;Euglossa ignita;Glossura;proboscisLength;12,4
M-1575;Apidae: Apinae: Euglossini;Euglossa ignita;Glossura;proboscisLength;12,2
B1357;Apidae: Apinae: Euglossini;Euglossa ignita;Glossura;proboscisLength;19,4
M-0038;Apidae: Apinae: Euglossini;Exaerete smaragdina;NA;proboscisLength;20,3
M-0039;Apidae: Apinae: Euglossini;Eulaema cingulata;NA;proboscisLength;18
B1358;Apidae: Apinae: Euglossini;Euglossa ignita;Glossura;proboscisLength;19,5
B1359;Apidae: Apinae: Euglossini;Euglossa ignita;Glossura;proboscisLength;19,7
B1360;Apidae: Apinae: Euglossini;Euglossa ignita;Glossura;proboscisLength;20,7
B1361;Apidae: Apinae: Euglossini;Euglossa ignita;Glossura;proboscisLength;19,4
B1362;Apidae: Apinae: Euglossini;Euglossa ignita;Glossura;proboscisLength;19,9
J-1048;Apidae: Apinae: Euglossini;Euglossa ignita;Glossura;proboscisLength;21,83
J-0437;Apidae: Apinae: Euglossini;Euglossa igniventris;Euglossa;intertegularDistance;3
J-1270;Apidae: Apinae: Euglossini;Euglossa igniventris;Euglossa;intertegularDistance;2,98
M-0093;Apidae: Apinae: Euglossini;Euglossa igniventris;Euglossa;intertegularDistance;3,4
M-0094;Apidae: Apinae: Euglossini;Euglossa igniventris;Euglossa;intertegularDistance;3,2
M-0061;Apidae: Apinae: Euglossini;Eulaema cingulata;NA;proboscisLength;19,2
M-0128;Apidae: Apinae: Euglossini;Euglossa igniventris;Euglossa;intertegularDistance;3,1
M-0129;Apidae: Apinae: Euglossini;Euglossa igniventris;Euglossa;intertegularDistance;2,9
M-0130;Apidae: Apinae: Euglossini;Euglossa igniventris;Euglossa;intertegularDistance;3,2
M-0253;Apidae: Apinae: Euglossini;Euglossa igniventris;Euglossa;intertegularDistance;3,2
M-0081;Apidae: Apinae: Euglossini;Exaerete smaragdina;NA;proboscisLength;20,3
M-0082;Apidae: Apinae: Euglossini;Eulaema bombiformis;NA;proboscisLength;22,5
M-0083;Apidae: Apinae: Euglossini;Eulaema meriana;NA;proboscisLength;23,9
M-0307;Apidae: Apinae: Euglossini;Euglossa igniventris;Euglossa;intertegularDistance;3,2
M-0882;Apidae: Apinae: Euglossini;Euglossa igniventris;Euglossa;intertegularDistance;2,8
M-0914;Apidae: Apinae: Euglossini;Euglossa igniventris;Euglossa;intertegularDistance;2,9
M-0915;Apidae: Apinae: Euglossini;Euglossa igniventris;Euglossa;intertegularDistance;3
M-0093;Apidae: Apinae: Euglossini;Euglossa igniventris;Euglossa;proboscisLength;9,1
M-0094;Apidae: Apinae: Euglossini;Euglossa igniventris;Euglossa;proboscisLength;10
M-0128;Apidae: Apinae: Euglossini;Euglossa igniventris;Euglossa;proboscisLength;9,8
M-0129;Apidae: Apinae: Euglossini;Euglossa igniventris;Euglossa;proboscisLength;8,6
M-0130;Apidae: Apinae: Euglossini;Euglossa igniventris;Euglossa;proboscisLength;8,4
M-0253;Apidae: Apinae: Euglossini;Euglossa igniventris;Euglossa;proboscisLength;11
M-0307;Apidae: Apinae: Euglossini;Euglossa igniventris;Euglossa;proboscisLength;10,3
M-0882;Apidae: Apinae: Euglossini;Euglossa igniventris;Euglossa;proboscisLength;8,6
M-0914;Apidae: Apinae: Euglossini;Euglossa igniventris;Euglossa;proboscisLength;8,8
M-0915;Apidae: Apinae: Euglossini;Euglossa igniventris;Euglossa;proboscisLength;8,7
J-0437;Apidae: Apinae: Euglossini;Euglossa igniventris;Euglossa;proboscisLength;9,98
J-1270;Apidae: Apinae: Euglossini;Euglossa igniventris;Euglossa;proboscisLength;10,83
M-0016;Apidae: Apinae: Euglossini;Euglossa imperialis;Glossura;intertegularDistance;3,8
M-0108;Apidae: Apinae: Euglossini;Eulaema cingulata;NA;proboscisLength;18,2
M-0017;Apidae: Apinae: Euglossini;Euglossa imperialis;Glossura;intertegularDistance;3,7
M-0018;Apidae: Apinae: Euglossini;Euglossa imperialis;Glossura;intertegularDistance;3,8
M-0080;Apidae: Apinae: Euglossini;Euglossa imperialis;Glossura;intertegularDistance;3,5
M-0549;Apidae: Apinae: Euglossini;Euglossa imperialis;Glossura;intertegularDistance;3,8
M-1095;Apidae: Apinae: Euglossini;Euglossa imperialis;Glossura;intertegularDistance;3,3
M-1583;Apidae: Apinae: Euglossini;Euglossa imperialis;Glossura;intertegularDistance;3,9
M-1585;Apidae: Apinae: Euglossini;Euglossa imperialis;Glossura;intertegularDistance;3,9
M-1586;Apidae: Apinae: Euglossini;Euglossa imperialis;Glossura;intertegularDistance;3,7
M-1587;Apidae: Apinae: Euglossini;Euglossa imperialis;Glossura;intertegularDistance;3,8
M-1660;Apidae: Apinae: Euglossini;Euglossa imperialis;Glossura;intertegularDistance;3,8
M-1747;Apidae: Apinae: Euglossini;Euglossa imperialis;Glossura;intertegularDistance;3,2
M-1881;Apidae: Apinae: Euglossini;Euglossa imperialis;Glossura;intertegularDistance;3,8
M-0126;Apidae: Apinae: Euglossini;Eulaema meriana;NA;proboscisLength;21
B1162;Apidae: Apinae: Euglossini;Euglossa imperialis;Glossura;intertegularDistance;3,3
M-0016;Apidae: Apinae: Euglossini;Euglossa imperialis;Glossura;proboscisLength;25,6
M-0017;Apidae: Apinae: Euglossini;Euglossa imperialis;Glossura;proboscisLength;21,9
M-0018;Apidae: Apinae: Euglossini;Euglossa imperialis;Glossura;proboscisLength;23,5
M-0080;Apidae: Apinae: Euglossini;Euglossa imperialis;Glossura;proboscisLength;22,1
M-0549;Apidae: Apinae: Euglossini;Euglossa imperialis;Glossura;proboscisLength;21,7
M-1095;Apidae: Apinae: Euglossini;Euglossa imperialis;Glossura;proboscisLength;19,4
M-1583;Apidae: Apinae: Euglossini;Euglossa imperialis;Glossura;proboscisLength;23
M-1585;Apidae: Apinae: Euglossini;Euglossa imperialis;Glossura;proboscisLength;22,9
M-1586;Apidae: Apinae: Euglossini;Euglossa imperialis;Glossura;proboscisLength;22,2
M-0149;Apidae: Apinae: Euglossini;Eulaema meriana;NA;proboscisLength;20,7
M-0150;Apidae: Apinae: Euglossini;Eulaema cingulata;NA;proboscisLength;18,7
M-0172;Apidae: Apinae: Euglossini;Eulaema cingulata;NA;proboscisLength;19,1
M-0173;Apidae: Apinae: Euglossini;Eulaema cingulata;NA;proboscisLength;17,7
M-0189;Apidae: Apinae: Euglossini;Exaerete smaragdina;NA;proboscisLength;20,7
M-1587;Apidae: Apinae: Euglossini;Euglossa imperialis;Glossura;proboscisLength;23,8
M-0206;Apidae: Apinae: Euglossini;Exaerete smaragdina;NA;proboscisLength;18,6
M-0234;Apidae: Apinae: Euglossini;Exaerete smaragdina;NA;proboscisLength;19,9
M-0235;Apidae: Apinae: Euglossini;Exaerete smaragdina;NA;proboscisLength;20
M-0236;Apidae: Apinae: Euglossini;Exaerete smaragdina;NA;proboscisLength;20
M-0237;Apidae: Apinae: Euglossini;Exaerete smaragdina;NA;proboscisLength;19,4
M-0238;Apidae: Apinae: Euglossini;Exaerete smaragdina;NA;proboscisLength;20,3
M-0239;Apidae: Apinae: Euglossini;Exaerete smaragdina;NA;proboscisLength;19,5
M-0240;Apidae: Apinae: Euglossini;Exaerete smaragdina;NA;proboscisLength;19
M-0241;Apidae: Apinae: Euglossini;Exaerete smaragdina;NA;proboscisLength;21,1
M-1660;Apidae: Apinae: Euglossini;Euglossa imperialis;Glossura;proboscisLength;23
M-1747;Apidae: Apinae: Euglossini;Euglossa imperialis;Glossura;proboscisLength;19,8
M-1881;Apidae: Apinae: Euglossini;Euglossa imperialis;Glossura;proboscisLength;22,8
B1162;Apidae: Apinae: Euglossini;Euglossa imperialis;Glossura;proboscisLength;17,7
M-0076;Apidae: Apinae: Euglossini;Euglossa iopyrrha;Euglossa;intertegularDistance;3,2
M-0076;Apidae: Apinae: Euglossini;Euglossa iopyrrha;Euglossa;proboscisLength;8,2
J-1029;Apidae: Apinae: Euglossini;Euglossa laevicincta;Glossurella;intertegularDistance;3,13
J-1673;Apidae: Apinae: Euglossini;Euglossa laevicincta;Glossurella;intertegularDistance;3,23
J-1711;Apidae: Apinae: Euglossini;Euglossa laevicincta;Glossurella;intertegularDistance;3,41
M-0021;Apidae: Apinae: Euglossini;Euglossa laevicincta;Glossurella;intertegularDistance;3,2
M-0022;Apidae: Apinae: Euglossini;Euglossa laevicincta;Glossurella;intertegularDistance;3,3
M-0023;Apidae: Apinae: Euglossini;Euglossa laevicincta;Glossurella;intertegularDistance;3,1
M-0024;Apidae: Apinae: Euglossini;Euglossa laevicincta;Glossurella;intertegularDistance;3,3
M-C-2049;Apidae: Apinae: Euglossini;Euglossa laevicincta;Glossurella;intertegularDistance;2,9
M-0327;Apidae: Apinae: Euglossini;Eulaema chocoana;NA;proboscisLength;22,8
M-0328;Apidae: Apinae: Euglossini;Eulaema chocoana;NA;proboscisLength;21,5
M-0358;Apidae: Apinae: Euglossini;Exaerete smaragdina;NA;proboscisLength;19,9
M-C-2212;Apidae: Apinae: Euglossini;Euglossa laevicincta;Glossurella;intertegularDistance;2,9
B1353;Apidae: Apinae: Euglossini;Euglossa laevicincta;Glossurella;intertegularDistance;3,4
M-0434;Apidae: Apinae: Euglossini;Exaerete smaragdina;NA;proboscisLength;19,2
M-0449;Apidae: Apinae: Euglossini;Eulaema meriana;NA;proboscisLength;22,5
M-0450;Apidae: Apinae: Euglossini;Exaerete smaragdina;NA;proboscisLength;21,4
M-0451;Apidae: Apinae: Euglossini;Exaerete smaragdina;NA;proboscisLength;20,7
M-0491;Apidae: Apinae: Euglossini;Eulaema cingulata;NA;proboscisLength;17
M-0492;Apidae: Apinae: Euglossini;Eulaema cingulata;NA;proboscisLength;18,3
B1354;Apidae: Apinae: Euglossini;Euglossa laevicincta;Glossurella;intertegularDistance;3,5
M-0499;Apidae: Apinae: Euglossini;Exaerete smaragdina;NA;proboscisLength;18,5
M-0500;Apidae: Apinae: Euglossini;Exaerete smaragdina;NA;proboscisLength;18,7
M-0501;Apidae: Apinae: Euglossini;Exaerete smaragdina;NA;proboscisLength;18,7
B1355;Apidae: Apinae: Euglossini;Euglossa laevicincta;Glossurella;intertegularDistance;3,5
B1356;Apidae: Apinae: Euglossini;Euglossa laevicincta;Glossurella;intertegularDistance;3,8
M-0021;Apidae: Apinae: Euglossini;Euglossa laevicincta;Glossurella;proboscisLength;21,9
M-0022;Apidae: Apinae: Euglossini;Euglossa laevicincta;Glossurella;proboscisLength;22,1
M-0548;Apidae: Apinae: Euglossini;Eufriesea chrysopyga;NA;proboscisLength;9,2
M-0023;Apidae: Apinae: Euglossini;Euglossa laevicincta;Glossurella;proboscisLength;22
M-0024;Apidae: Apinae: Euglossini;Euglossa laevicincta;Glossurella;proboscisLength;22,9
M-C-2049;Apidae: Apinae: Euglossini;Euglossa laevicincta;Glossurella;proboscisLength;14,6
M-0574;Apidae: Apinae: Euglossini;Eulaema meriana;NA;proboscisLength;20,5
M-0575;Apidae: Apinae: Euglossini;Eulaema meriana;NA;proboscisLength;21,8
M-0576;Apidae: Apinae: Euglossini;Eulaema meriana;NA;proboscisLength;22,2
M-0578;Apidae: Apinae: Euglossini;Eulaema chocoana;NA;proboscisLength;21,2
M-0579;Apidae: Apinae: Euglossini;Eulaema chocoana;NA;proboscisLength;22,4
M-0580;Apidae: Apinae: Euglossini;Eulaema chocoana;NA;proboscisLength;22,6
M-0581;Apidae: Apinae: Euglossini;Eulaema chocoana;NA;proboscisLength;21,9
M-C-2212;Apidae: Apinae: Euglossini;Euglossa laevicincta;Glossurella;proboscisLength;8,1
B1353;Apidae: Apinae: Euglossini;Euglossa laevicincta;Glossurella;proboscisLength;18,5
M-0605;Apidae: Apinae: Euglossini;Eufriesea pulchra;NA;proboscisLength;9,5
B1354;Apidae: Apinae: Euglossini;Euglossa laevicincta;Glossurella;proboscisLength;19,7
M-0644;Apidae: Apinae: Euglossini;Eulaema bombiformis;NA;proboscisLength;22,8
M-0645;Apidae: Apinae: Euglossini;Eulaema bombiformis;NA;proboscisLength;22,9
M-0646;Apidae: Apinae: Euglossini;Exaerete smaragdina;NA;proboscisLength;20,2
M-0647;Apidae: Apinae: Euglossini;Exaerete smaragdina;NA;proboscisLength;21,3
M-0684;Apidae: Apinae: Euglossini;Exaerete smaragdina;NA;proboscisLength;19,8
M-0685;Apidae: Apinae: Euglossini;Exaerete smaragdina;NA;proboscisLength;19,9
M-0686;Apidae: Apinae: Euglossini;Exaerete smaragdina;NA;proboscisLength;19,8
B1355;Apidae: Apinae: Euglossini;Euglossa laevicincta;Glossurella;proboscisLength;20
M-0713;Apidae: Apinae: Euglossini;Eulaema meriana;NA;proboscisLength;22,2
B1356;Apidae: Apinae: Euglossini;Euglossa laevicincta;Glossurella;proboscisLength;19,5
M-0170;Apidae: Apinae: Euglossini;Euglossa liopoda;Euglossa;intertegularDistance;3,5
M-0306;Apidae: Apinae: Euglossini;Euglossa liopoda;Euglossa;intertegularDistance;3,5
M-0407;Apidae: Apinae: Euglossini;Euglossa liopoda;Euglossa;intertegularDistance;3,7
M-0445;Apidae: Apinae: Euglossini;Euglossa liopoda;Euglossa;intertegularDistance;3,4
M-0531;Apidae: Apinae: Euglossini;Euglossa liopoda;Euglossa;intertegularDistance;3,5
M-1039;Apidae: Apinae: Euglossini;Euglossa liopoda;Euglossa;intertegularDistance;3,3
M-1644;Apidae: Apinae: Euglossini;Euglossa liopoda;Euglossa;intertegularDistance;3,3
M-1726;Apidae: Apinae: Euglossini;Euglossa liopoda;Euglossa;intertegularDistance;3,6
M-1742;Apidae: Apinae: Euglossini;Euglossa liopoda;Euglossa;intertegularDistance;3,5
M-0796;Apidae: Apinae: Euglossini;Eulaema flavescens;NA;proboscisLength;23,1
M-0797;Apidae: Apinae: Euglossini;Eulaema leucopyga;NA;proboscisLength;32,3
M-0814;Apidae: Apinae: Euglossini;Eulaema cingulata;NA;proboscisLength;17,8
M-1471;Apidae: Apinae: Euglossini;Euglossa liopoda;Euglossa;intertegularDistance;3,8
M-0170;Apidae: Apinae: Euglossini;Euglossa liopoda;Euglossa;proboscisLength;6,1
M-0306;Apidae: Apinae: Euglossini;Euglossa liopoda;Euglossa;proboscisLength;6,3
M-0407;Apidae: Apinae: Euglossini;Euglossa liopoda;Euglossa;proboscisLength;7,8
M-0445;Apidae: Apinae: Euglossini;Euglossa liopoda;Euglossa;proboscisLength;7,2
M-0531;Apidae: Apinae: Euglossini;Euglossa liopoda;Euglossa;proboscisLength;6,5
M-1039;Apidae: Apinae: Euglossini;Euglossa liopoda;Euglossa;proboscisLength;6,6
M-1644;Apidae: Apinae: Euglossini;Euglossa liopoda;Euglossa;proboscisLength;7,4
M-1726;Apidae: Apinae: Euglossini;Euglossa liopoda;Euglossa;proboscisLength;7
M-1742;Apidae: Apinae: Euglossini;Euglossa liopoda;Euglossa;proboscisLength;6,7
M-1471;Apidae: Apinae: Euglossini;Euglossa liopoda;Euglossa;proboscisLength;6,5
J-0213;Apidae: Apinae: Euglossini;Euglossa magnipes;Euglossa;intertegularDistance;3,24
M-0981;Apidae: Apinae: Euglossini;Exaerete smaragdina;NA;proboscisLength;18,2
M-1019;Apidae: Apinae: Euglossini;Eufriesea chrysopyga;NA;proboscisLength;9,1
M-0110;Apidae: Apinae: Euglossini;Euglossa magnipes;Euglossa;intertegularDistance;3,2
M-0171;Apidae: Apinae: Euglossini;Euglossa magnipes;Euglossa;intertegularDistance;3,5
M-0250;Apidae: Apinae: Euglossini;Euglossa magnipes;Euglossa;intertegularDistance;3,4
M-0593;Apidae: Apinae: Euglossini;Euglossa magnipes;Euglossa;intertegularDistance;3,6
M-1016;Apidae: Apinae: Euglossini;Euglossa magnipes;Euglossa;intertegularDistance;3,5
M-1014;Apidae: Apinae: Euglossini;Euglossa magnipes;Euglossa;intertegularDistance;3,4
M-1248;Apidae: Apinae: Euglossini;Euglossa magnipes;Euglossa;intertegularDistance;3,3
M-1155;Apidae: Apinae: Euglossini;Exaerete smaragdina;NA;proboscisLength;20,7
M-C-2229;Apidae: Apinae: Euglossini;Euglossa magnipes;Euglossa;intertegularDistance;3,3
M-0594;Apidae: Apinae: Euglossini;Euglossa magnipes;Euglossa;intertegularDistance;3,4
M-1184;Apidae: Apinae: Euglossini;Eufriesea chrysopyga;NA;proboscisLength;8,4
M-0446;Apidae: Apinae: Euglossini;Euglossa magnipes;Euglossa;intertegularDistance;3,3
M-1295;Apidae: Apinae: Euglossini;Exaerete smaragdina;NA;proboscisLength;21,2
M-1297;Apidae: Apinae: Euglossini;Exaerete smaragdina;NA;proboscisLength;18,9
M-0110;Apidae: Apinae: Euglossini;Euglossa magnipes;Euglossa;proboscisLength;9,1
M-0171;Apidae: Apinae: Euglossini;Euglossa magnipes;Euglossa;proboscisLength;6
M-0250;Apidae: Apinae: Euglossini;Euglossa magnipes;Euglossa;proboscisLength;6,2
M-0593;Apidae: Apinae: Euglossini;Euglossa magnipes;Euglossa;proboscisLength;6,5
M-1016;Apidae: Apinae: Euglossini;Euglossa magnipes;Euglossa;proboscisLength;6,9
M-1014;Apidae: Apinae: Euglossini;Euglossa magnipes;Euglossa;proboscisLength;6,4
M-1426;Apidae: Apinae: Euglossini;Exaerete smaragdina;NA;proboscisLength;19,2
M-1427;Apidae: Apinae: Euglossini;Exaerete smaragdina;NA;proboscisLength;21,5
M-1428;Apidae: Apinae: Euglossini;Exaerete smaragdina;NA;proboscisLength;20
M-1429;Apidae: Apinae: Euglossini;Exaerete smaragdina;NA;proboscisLength;20,2
M-1430;Apidae: Apinae: Euglossini;Exaerete smaragdina;NA;proboscisLength;20,7
M-1431;Apidae: Apinae: Euglossini;Exaerete smaragdina;NA;proboscisLength;20,6
M-1432;Apidae: Apinae: Euglossini;Eulaema meriana;NA;proboscisLength;19,9
M-1433;Apidae: Apinae: Euglossini;Eulaema meriana;NA;proboscisLength;22,1
M-1434;Apidae: Apinae: Euglossini;Eulaema meriana;NA;proboscisLength;22,4
M-1445;Apidae: Apinae: Euglossini;Eulaema meriana;NA;proboscisLength;23,1
M-1454;Apidae: Apinae: Euglossini;Eulaema leucopyga;NA;proboscisLength;31,9
M-1461;Apidae: Apinae: Euglossini;Exaerete smaragdina;NA;proboscisLength;19,6
M-1248;Apidae: Apinae: Euglossini;Euglossa magnipes;Euglossa;proboscisLength;7,5
M-1488;Apidae: Apinae: Euglossini;Eufriesea chrysopyga;NA;proboscisLength;9,2
M-1489;Apidae: Apinae: Euglossini;Eufriesea chrysopyga;NA;proboscisLength;10,7
M-C-2229;Apidae: Apinae: Euglossini;Euglossa magnipes;Euglossa;proboscisLength;5,9
M-0594;Apidae: Apinae: Euglossini;Euglossa magnipes;Euglossa;proboscisLength;7,2
M-0446;Apidae: Apinae: Euglossini;Euglossa magnipes;Euglossa;proboscisLength;5,7
M-0089;Apidae: Apinae: Euglossini;Euglossa milenae;Euglossa;intertegularDistance;2,5
M-0547;Apidae: Apinae: Euglossini;Euglossa milenae;Euglossa;intertegularDistance;2,8
M-0089;Apidae: Apinae: Euglossini;Euglossa milenae;Euglossa;proboscisLength;9,5
M-0547;Apidae: Apinae: Euglossini;Euglossa milenae;Euglossa;proboscisLength;9,4
J-0144;Apidae: Apinae: Euglossini;Euglossa mixta;Euglossa;intertegularDistance;3,04
J-0516a;Apidae: Apinae: Euglossini;Euglossa mixta;Euglossa;intertegularDistance;3,13
M-0040;Apidae: Apinae: Euglossini;Euglossa mixta;Euglossa;intertegularDistance;3,1
M-1595;Apidae: Apinae: Euglossini;Eufriesea chrysopyga;NA;proboscisLength;10,1
M-1596;Apidae: Apinae: Euglossini;Eufriesea chrysopyga;NA;proboscisLength;9,4
M-1597;Apidae: Apinae: Euglossini;Eufriesea chrysopyga;NA;proboscisLength;11,7
M-1598;Apidae: Apinae: Euglossini;Eufriesea chrysopyga;NA;proboscisLength;10,2
M-1599;Apidae: Apinae: Euglossini;Eufriesea chrysopyga;NA;proboscisLength;9,4
M-1600;Apidae: Apinae: Euglossini;Eufriesea chrysopyga;NA;proboscisLength;9,4
M-1601;Apidae: Apinae: Euglossini;Eufriesea lucida;NA;proboscisLength;9,5
M-0403;Apidae: Apinae: Euglossini;Euglossa mixta;Euglossa;intertegularDistance;3,5
M-0754;Apidae: Apinae: Euglossini;Euglossa mixta;Euglossa;intertegularDistance;3,1
B1110;Apidae: Apinae: Euglossini;Euglossa mixta;Euglossa;intertegularDistance;3,2
B1111;Apidae: Apinae: Euglossini;Euglossa mixta;Euglossa;intertegularDistance;3,3
M-1683;Apidae: Apinae: Euglossini;Eufriesea chrysopyga;NA;proboscisLength;10,2
M-1684;Apidae: Apinae: Euglossini;Eufriesea chrysopyga;NA;proboscisLength;9,9
M-1685;Apidae: Apinae: Euglossini;Eufriesea chrysopyga;NA;proboscisLength;10,8
M-1686;Apidae: Apinae: Euglossini;Eufriesea chrysopyga;NA;proboscisLength;9,7
M-1687;Apidae: Apinae: Euglossini;Eufriesea chrysopyga;NA;proboscisLength;9,9
M-1688;Apidae: Apinae: Euglossini;Eufriesea chrysopyga;NA;proboscisLength;9,5
M-1689;Apidae: Apinae: Euglossini;Eufriesea chrysopyga;NA;proboscisLength;8,8
M-1690;Apidae: Apinae: Euglossini;Eufriesea chrysopyga;NA;proboscisLength;9,8
M-1691;Apidae: Apinae: Euglossini;Eufriesea chrysopyga;NA;proboscisLength;9,7
M-1692;Apidae: Apinae: Euglossini;Eufriesea chrysopyga;NA;proboscisLength;9,5
B1112;Apidae: Apinae: Euglossini;Euglossa mixta;Euglossa;intertegularDistance;3,3
B1258;Apidae: Apinae: Euglossini;Euglossa mixta;Euglossa;intertegularDistance;3,4
B1259;Apidae: Apinae: Euglossini;Euglossa mixta;Euglossa;intertegularDistance;3,1
B1260;Apidae: Apinae: Euglossini;Euglossa mixta;Euglossa;intertegularDistance;3,3
M-0040;Apidae: Apinae: Euglossini;Euglossa mixta;Euglossa;proboscisLength;6,9
M-0403;Apidae: Apinae: Euglossini;Euglossa mixta;Euglossa;proboscisLength;8,7
M-0754;Apidae: Apinae: Euglossini;Euglossa mixta;Euglossa;proboscisLength;8,8
M-1868;Apidae: Apinae: Euglossini;Eufriesea chrysopyga;NA;proboscisLength;9,4
M-1875;Apidae: Apinae: Euglossini;Eufriesea lucida;NA;proboscisLength;8,5
M-1876;Apidae: Apinae: Euglossini;Eufriesea chrysopyga;NA;proboscisLength;9,5
M-1877;Apidae: Apinae: Euglossini;Eufriesea chrysopyga;NA;proboscisLength;9,8
M-1878;Apidae: Apinae: Euglossini;Eufriesea lucifera;NA;proboscisLength;11,4
M-1879;Apidae: Apinae: Euglossini;Exaerete smaragdina;NA;proboscisLength;19,8
B1110;Apidae: Apinae: Euglossini;Euglossa mixta;Euglossa;proboscisLength;6,4
M-C-1922;Apidae: Apinae: Euglossini;Eufriesea asarophora;NA;proboscisLength;32,4
M-C-1923;Apidae: Apinae: Euglossini;Eufriesea asarophora;NA;proboscisLength;33
B1111;Apidae: Apinae: Euglossini;Euglossa mixta;Euglossa;proboscisLength;6,8
B1112;Apidae: Apinae: Euglossini;Euglossa mixta;Euglossa;proboscisLength;5,4
B1258;Apidae: Apinae: Euglossini;Euglossa mixta;Euglossa;proboscisLength;6,2
B1259;Apidae: Apinae: Euglossini;Euglossa mixta;Euglossa;proboscisLength;6,3
M-2079;Apidae: Apinae: Euglossini;Eulaema meriana;NA;proboscisLength;22,6
M-C-2458;Apidae: Apinae: Euglossini;Eufriesea flaviventris;NA;proboscisLength;12,15
B1386;Apidae: Apinae: Euglossini;Eufriesea purpurata;NA;proboscisLength;5,3
B1164;Apidae: Apinae: Euglossini;Eufriesea rufocaudata;NA;proboscisLength;5,7
B1260;Apidae: Apinae: Euglossini;Euglossa mixta;Euglossa;proboscisLength;6
M-0056;Apidae: Apinae: Euglossini;Euglossa modestior;Euglossa;intertegularDistance;3,5
M-0057;Apidae: Apinae: Euglossini;Euglossa modestior;Euglossa;intertegularDistance;3,5
M-0060;Apidae: Apinae: Euglossini;Euglossa modestior;Euglossa;intertegularDistance;3,6
M-0395;Apidae: Apinae: Euglossini;Euglossa modestior;Euglossa;intertegularDistance;3,3
M-1496;Apidae: Apinae: Euglossini;Euglossa modestior;Euglossa;intertegularDistance;3,3
M-2117;Apidae: Apinae: Euglossini;Euglossa modestior;Euglossa;intertegularDistance;3,4
M-C-2291;Apidae: Apinae: Euglossini;Euglossa modestior;Euglossa;intertegularDistance;3,5
M-C-2390;Apidae: Apinae: Euglossini;Euglossa modestior;Euglossa;intertegularDistance;3,3
M-0056;Apidae: Apinae: Euglossini;Euglossa modestior;Euglossa;proboscisLength;5,8
M-0057;Apidae: Apinae: Euglossini;Euglossa modestior;Euglossa;proboscisLength;6,6
M-0060;Apidae: Apinae: Euglossini;Euglossa modestior;Euglossa;proboscisLength;6,9
M-0395;Apidae: Apinae: Euglossini;Euglossa modestior;Euglossa;proboscisLength;6,6
M-1496;Apidae: Apinae: Euglossini;Euglossa modestior;Euglossa;proboscisLength;6,6
M-2117;Apidae: Apinae: Euglossini;Euglossa modestior;Euglossa;proboscisLength;5,8
M-C-2291;Apidae: Apinae: Euglossini;Euglossa modestior;Euglossa;proboscisLength;6,5
M-C-2390;Apidae: Apinae: Euglossini;Euglossa modestior;Euglossa;proboscisLength;7,2
M-0214;Apidae: Apinae: Euglossini;Euglossa mourei;Euglossa;intertegularDistance;3,1
M-0225;Apidae: Apinae: Euglossini;Euglossa mourei;Euglossa;intertegularDistance;3,4
M-0242;Apidae: Apinae: Euglossini;Euglossa mourei;Euglossa;intertegularDistance;3,4
M-1012;Apidae: Apinae: Euglossini;Euglossa mourei;Euglossa;intertegularDistance;3,2
M-1013;Apidae: Apinae: Euglossini;Euglossa mourei;Euglossa;intertegularDistance;3,2
M-1696;Apidae: Apinae: Euglossini;Euglossa mourei;Euglossa;intertegularDistance;3,1
B1109;Apidae: Apinae: Euglossini;Euglossa mourei;Euglossa;intertegularDistance;3,4
M-C-2037;Apidae: Apinae: Euglossini;Euglossa mourei;Euglossa;intertegularDistance;3,5
M-0214;Apidae: Apinae: Euglossini;Euglossa mourei;Euglossa;proboscisLength;6,5
M-0225;Apidae: Apinae: Euglossini;Euglossa mourei;Euglossa;proboscisLength;6,6
M-0242;Apidae: Apinae: Euglossini;Euglossa mourei;Euglossa;proboscisLength;7
M-1012;Apidae: Apinae: Euglossini;Euglossa mourei;Euglossa;proboscisLength;6,1
M-1013;Apidae: Apinae: Euglossini;Euglossa mourei;Euglossa;proboscisLength;5,7
M-1696;Apidae: Apinae: Euglossini;Euglossa mourei;Euglossa;proboscisLength;
B1109;Apidae: Apinae: Euglossini;Euglossa mourei;Euglossa;proboscisLength;4,8
M-C-2037;Apidae: Apinae: Euglossini;Euglossa mourei;Euglossa;proboscisLength;6,5
J-0419b;Apidae: Apinae: Euglossini;Euglossa nr asarophora;Glossura;intertegularDistance;3,58
J-0419b;Apidae: Apinae: Euglossini;Euglossa nr asarophora;Glossura;proboscisLength;30,75
M-1027;Apidae: Apinae: Euglossini;Euglossa retroviridis;Euglossa;intertegularDistance;3,6
M-C-2250;Apidae: Apinae: Euglossini;Euglossa retroviridis;Euglossa;intertegularDistance;3,5
M-1027;Apidae: Apinae: Euglossini;Euglossa retroviridis;Euglossa;proboscisLength;17,1
M-C-2250;Apidae: Apinae: Euglossini;Euglossa retroviridis;Euglossa;proboscisLength;17,1
J-0836;Apidae: Apinae: Euglossini;Euglossa sp;NA;intertegularDistance;3,21
J-1098;Apidae: Apinae: Euglossini;Euglossa sp;NA;intertegularDistance;2,96
J-1189;Apidae: Apinae: Euglossini;Euglossa sp;NA;intertegularDistance;2,95
J-1575;Apidae: Apinae: Euglossini;Euglossa sp;NA;intertegularDistance;2,94
J-1616;Apidae: Apinae: Euglossini;Euglossa sp;NA;intertegularDistance;2,71
J-0836;Apidae: Apinae: Euglossini;Euglossa sp;NA;proboscisLength;32,65
J-1098;Apidae: Apinae: Euglossini;Euglossa sp;NA;proboscisLength;9,75
J-1189;Apidae: Apinae: Euglossini;Euglossa sp;NA;proboscisLength;9,27
J-1575;Apidae: Apinae: Euglossini;Euglossa sp;NA;proboscisLength;11,15
J-1616;Apidae: Apinae: Euglossini;Euglossa sp;NA;proboscisLength;14,56
M-2094;Apidae: Apinae: Euglossini;Euglossa stellfeldi;Glossura;intertegularDistance;2,7
M-2094;Apidae: Apinae: Euglossini;Euglossa stellfeldi;Glossura;proboscisLength;5,8
M-0966;Apidae: Apinae: Euglossini;Euglossa stilbonata;Glossurella;intertegularDistance;3,4
M-0966;Apidae: Apinae: Euglossini;Euglossa stilbonata;Glossurella;proboscisLength;14,6
J-0116;Apidae: Apinae: Euglossini;Euglossa townsendi;Euglossa;intertegularDistance;2,67
J-0201;Apidae: Apinae: Euglossini;Euglossa townsendi;Euglossa;intertegularDistance;2,55
J-0224;Apidae: Apinae: Euglossini;Euglossa townsendi;Euglossa;intertegularDistance;2,62
J-0340;Apidae: Apinae: Euglossini;Euglossa townsendi;Euglossa;intertegularDistance;2,56
J-0345;Apidae: Apinae: Euglossini;Euglossa townsendi;Euglossa;intertegularDistance;2,8
J-0516b;Apidae: Apinae: Euglossini;Euglossa townsendi;Euglossa;intertegularDistance;3,04
J-0805;Apidae: Apinae: Euglossini;Euglossa townsendi;Euglossa;intertegularDistance;2,96
J-0832;Apidae: Apinae: Euglossini;Euglossa townsendi;Euglossa;intertegularDistance;2,72
J-0857;Apidae: Apinae: Euglossini;Euglossa townsendi;Euglossa;intertegularDistance;2,9
J-0945;Apidae: Apinae: Euglossini;Euglossa townsendi;Euglossa;intertegularDistance;2,75
J-1095;Apidae: Apinae: Euglossini;Euglossa townsendi;Euglossa;intertegularDistance;2,49
J-1133;Apidae: Apinae: Euglossini;Euglossa townsendi;Euglossa;intertegularDistance;2,59
J-1172;Apidae: Apinae: Euglossini;Euglossa townsendi;Euglossa;intertegularDistance;2,74
J-1900;Apidae: Apinae: Euglossini;Euglossa townsendi;Euglossa;intertegularDistance;2,7
M-0956;Apidae: Apinae: Euglossini;Euglossa townsendi;Euglossa;intertegularDistance;2,6
M-0421;Apidae: Apinae: Euglossini;Euglossa townsendi;Euglossa;intertegularDistance;3,2
M-1246;Apidae: Apinae: Euglossini;Euglossa townsendi;Euglossa;intertegularDistance;3,3
M-1589;Apidae: Apinae: Euglossini;Euglossa townsendi;Euglossa;intertegularDistance;3,1
M-C-1893;Apidae: Apinae: Euglossini;Euglossa townsendi;Euglossa;intertegularDistance;3,1
M-0956;Apidae: Apinae: Euglossini;Euglossa townsendi;Euglossa;proboscisLength;8,8
M-0421;Apidae: Apinae: Euglossini;Euglossa townsendi;Euglossa;proboscisLength;4,9
M-1246;Apidae: Apinae: Euglossini;Euglossa townsendi;Euglossa;proboscisLength;5,7
M-1589;Apidae: Apinae: Euglossini;Euglossa townsendi;Euglossa;proboscisLength;5
M-C-1893;Apidae: Apinae: Euglossini;Euglossa townsendi;Euglossa;proboscisLength;5,1
J-0201;Apidae: Apinae: Euglossini;Euglossa townsendi;Euglossa;proboscisLength;9,54
J-0340;Apidae: Apinae: Euglossini;Euglossa townsendi;Euglossa;proboscisLength;9,72
J-0345;Apidae: Apinae: Euglossini;Euglossa townsendi;Euglossa;proboscisLength;10,76
J-0805;Apidae: Apinae: Euglossini;Euglossa townsendi;Euglossa;proboscisLength;8,54
J-0857;Apidae: Apinae: Euglossini;Euglossa townsendi;Euglossa;proboscisLength;9,15
J-0945;Apidae: Apinae: Euglossini;Euglossa townsendi;Euglossa;proboscisLength;9,15
J-1095;Apidae: Apinae: Euglossini;Euglossa townsendi;Euglossa;proboscisLength;9,89
J-1133;Apidae: Apinae: Euglossini;Euglossa townsendi;Euglossa;proboscisLength;8,29
J-0598;Apidae: Apinae: Euglossini;Euglossa tridentata;Euglossa;intertegularDistance;3,06
M-0046;Apidae: Apinae: Euglossini;Euglossa tridentata;Euglossa;intertegularDistance;3,4
M-0047;Apidae: Apinae: Euglossini;Euglossa tridentata;Euglossa;intertegularDistance;3,2
M-0048;Apidae: Apinae: Euglossini;Euglossa tridentata;Euglossa;intertegularDistance;3,4
M-0086;Apidae: Apinae: Euglossini;Euglossa tridentata;Euglossa;intertegularDistance;3
M-0087;Apidae: Apinae: Euglossini;Euglossa tridentata;Euglossa;intertegularDistance;3,3
M-0088;Apidae: Apinae: Euglossini;Euglossa tridentata;Euglossa;intertegularDistance;3,4
M-0100;Apidae: Apinae: Euglossini;Euglossa tridentata;Euglossa;intertegularDistance;3,6
M-0109;Apidae: Apinae: Euglossini;Euglossa tridentata;Euglossa;intertegularDistance;3,8
M-0133;Apidae: Apinae: Euglossini;Euglossa tridentata;Euglossa;intertegularDistance;3,1
M-0134;Apidae: Apinae: Euglossini;Euglossa tridentata;Euglossa;intertegularDistance;3,2
M-0138;Apidae: Apinae: Euglossini;Euglossa tridentata;Euglossa;intertegularDistance;3,1
M-0252;Apidae: Apinae: Euglossini;Euglossa tridentata;Euglossa;intertegularDistance;3,3
M-0281;Apidae: Apinae: Euglossini;Euglossa tridentata;Euglossa;intertegularDistance;3,3
M-0283;Apidae: Apinae: Euglossini;Euglossa tridentata;Euglossa;intertegularDistance;3,3
M-0284;Apidae: Apinae: Euglossini;Euglossa tridentata;Euglossa;intertegularDistance;3,2
M-0285;Apidae: Apinae: Euglossini;Euglossa tridentata;Euglossa;intertegularDistance;3,4
M-0301;Apidae: Apinae: Euglossini;Euglossa tridentata;Euglossa;intertegularDistance;3,3
M-0309;Apidae: Apinae: Euglossini;Euglossa tridentata;Euglossa;intertegularDistance;3,1
M-0371;Apidae: Apinae: Euglossini;Euglossa tridentata;Euglossa;intertegularDistance;3
M-1037;Apidae: Apinae: Euglossini;Euglossa tridentata;Euglossa;intertegularDistance;2,7
M-0046;Apidae: Apinae: Euglossini;Euglossa tridentata;Euglossa;proboscisLength;11,1
M-0047;Apidae: Apinae: Euglossini;Euglossa tridentata;Euglossa;proboscisLength;11,1
M-0048;Apidae: Apinae: Euglossini;Euglossa tridentata;Euglossa;proboscisLength;10,2
M-0086;Apidae: Apinae: Euglossini;Euglossa tridentata;Euglossa;proboscisLength;8,8
M-0087;Apidae: Apinae: Euglossini;Euglossa tridentata;Euglossa;proboscisLength;8,3
M-0088;Apidae: Apinae: Euglossini;Euglossa tridentata;Euglossa;proboscisLength;8,2
M-0100;Apidae: Apinae: Euglossini;Euglossa tridentata;Euglossa;proboscisLength;9,2
M-0109;Apidae: Apinae: Euglossini;Euglossa tridentata;Euglossa;proboscisLength;10,1
M-0133;Apidae: Apinae: Euglossini;Euglossa tridentata;Euglossa;proboscisLength;10,5
M-0134;Apidae: Apinae: Euglossini;Euglossa tridentata;Euglossa;proboscisLength;10,3
M-0138;Apidae: Apinae: Euglossini;Euglossa tridentata;Euglossa;proboscisLength;10,6
M-0252;Apidae: Apinae: Euglossini;Euglossa tridentata;Euglossa;proboscisLength;10,5
M-0281;Apidae: Apinae: Euglossini;Euglossa tridentata;Euglossa;proboscisLength;10,8
M-0283;Apidae: Apinae: Euglossini;Euglossa tridentata;Euglossa;proboscisLength;9,5
M-0284;Apidae: Apinae: Euglossini;Euglossa tridentata;Euglossa;proboscisLength;9,8
M-0285;Apidae: Apinae: Euglossini;Euglossa tridentata;Euglossa;proboscisLength;10,3
M-0301;Apidae: Apinae: Euglossini;Euglossa tridentata;Euglossa;proboscisLength;10,9
M-0309;Apidae: Apinae: Euglossini;Euglossa tridentata;Euglossa;proboscisLength;10,6
M-0371;Apidae: Apinae: Euglossini;Euglossa tridentata;Euglossa;proboscisLength;8,9
M-1037;Apidae: Apinae: Euglossini;Euglossa tridentata;Euglossa;proboscisLength;15,1
J-0605;Apidae: Apinae: Euglossini;Euglossa trinotata;Glossurella;intertegularDistance;2,87
J-1196;Apidae: Apinae: Euglossini;Euglossa trinotata;Glossurella;intertegularDistance;2,83
J-1204;Apidae: Apinae: Euglossini;Euglossa trinotata;Glossurella;intertegularDistance;3,34
J-1205;Apidae: Apinae: Euglossini;Euglossa trinotata;Glossurella;intertegularDistance;3,11
J-1206;Apidae: Apinae: Euglossini;Euglossa trinotata;Glossurella;intertegularDistance;3,08
J-1207;Apidae: Apinae: Euglossini;Euglossa trinotata;Glossurella;intertegularDistance;3,1
J-1220;Apidae: Apinae: Euglossini;Euglossa trinotata;Glossurella;intertegularDistance;2,71
J-1221;Apidae: Apinae: Euglossini;Euglossa trinotata;Glossurella;intertegularDistance;2,65
J-1227;Apidae: Apinae: Euglossini;Euglossa trinotata;Glossurella;intertegularDistance;2,99
J-1228;Apidae: Apinae: Euglossini;Euglossa trinotata;Glossurella;intertegularDistance;3,14
J-1229;Apidae: Apinae: Euglossini;Euglossa trinotata;Glossurella;intertegularDistance;2,65
J-1230;Apidae: Apinae: Euglossini;Euglossa trinotata;Glossurella;intertegularDistance;3,17
J-1247;Apidae: Apinae: Euglossini;Euglossa trinotata;Glossurella;intertegularDistance;3,13
M-0498;Apidae: Apinae: Euglossini;Eulaema bombiformis;NA;proboscisLength;14,9
M-0986;Apidae: Apinae: Euglossini;Eulaema bombiformis;NA;proboscisLength;16,5
M-0987;Apidae: Apinae: Euglossini;Eulaema bombiformis;NA;proboscisLength;15,3
M-0988;Apidae: Apinae: Euglossini;Eulaema bombiformis;NA;proboscisLength;17
M-0989;Apidae: Apinae: Euglossini;Eulaema bombiformis;NA;proboscisLength;16,1
M-0661;Apidae: Apinae: Euglossini;Eulaema chocoana;NA;proboscisLength;16,7
M-0984;Apidae: Apinae: Euglossini;Eulaema chocoana;NA;proboscisLength;15,1
M-1329;Apidae: Apinae: Euglossini;Eulaema chocoana;NA;proboscisLength;16,3
M-1330;Apidae: Apinae: Euglossini;Eulaema chocoana;NA;proboscisLength;16,4
M-0466;Apidae: Apinae: Euglossini;Eulaema cingulata;NA;proboscisLength;12,9
M-1152;Apidae: Apinae: Euglossini;Eulaema flavescens;NA;proboscisLength;12,5
M-1693;Apidae: Apinae: Euglossini;Eulaema flavescens;NA;proboscisLength;13,4
J-1248;Apidae: Apinae: Euglossini;Euglossa trinotata;Glossurella;intertegularDistance;2,95
M-0967;Apidae: Apinae: Euglossini;Euglossa trinotata;Glossurella;intertegularDistance;3,4
M-0968;Apidae: Apinae: Euglossini;Euglossa trinotata;Glossurella;intertegularDistance;3,4
B1301;Apidae: Apinae: Euglossini;Euglossa trinotata;Glossurella;intertegularDistance;3,4
M-0967;Apidae: Apinae: Euglossini;Euglossa trinotata;Glossurella;proboscisLength;17,2
M-0968;Apidae: Apinae: Euglossini;Euglossa trinotata;Glossurella;proboscisLength;15,5
B1301;Apidae: Apinae: Euglossini;Euglossa trinotata;Glossurella;proboscisLength;15,8
J-0605;Apidae: Apinae: Euglossini;Euglossa trinotata;Glossurella;proboscisLength;20,28
J-1247;Apidae: Apinae: Euglossini;Euglossa trinotata;Glossurella;proboscisLength;21,01
J-1248;Apidae: Apinae: Euglossini;Euglossa trinotata;Glossurella;proboscisLength;19,98
J-0283;Apidae: Apinae: Euglossini;Euglossa turbinifex;Glossurella;intertegularDistance;2,59
J-0315;Apidae: Apinae: Euglossini;Euglossa turbinifex;Glossurella;intertegularDistance;2,73
J-0367;Apidae: Apinae: Euglossini;Euglossa turbinifex;Glossurella;intertegularDistance;2,86
J-0468;Apidae: Apinae: Euglossini;Euglossa turbinifex;Glossurella;intertegularDistance;3,15
J-0532;Apidae: Apinae: Euglossini;Euglossa turbinifex;Glossurella;intertegularDistance;2,85
J-0846;Apidae: Apinae: Euglossini;Euglossa turbinifex;Glossurella;intertegularDistance;2,7
J-0923;Apidae: Apinae: Euglossini;Euglossa turbinifex;Glossurella;intertegularDistance;2,83
J-1184;Apidae: Apinae: Euglossini;Euglossa turbinifex;Glossurella;intertegularDistance;2,85
J-1241;Apidae: Apinae: Euglossini;Euglossa turbinifex;Glossurella;intertegularDistance;2,54
J-1240;Apidae: Apinae: Euglossini;Euglossa turbinifex;Glossurella;intertegularDistance;2,97
J-1382b;Apidae: Apinae: Euglossini;Euglossa turbinifex;Glossurella;intertegularDistance;2,75
J-0415;Apidae: Apinae: Euglossini;Eufriesea lucida;NA;proboscisLength;17,66
J-0416;Apidae: Apinae: Euglossini;Eulaema sororia;NA;proboscisLength;31,91
J-1614;Apidae: Apinae: Euglossini;Euglossa turbinifex;Glossurella;intertegularDistance;2,96
M-0205;Apidae: Apinae: Euglossini;Euglossa turbinifex;Glossurella;intertegularDistance;2,6
M-0319;Apidae: Apinae: Euglossini;Euglossa turbinifex;Glossurella;intertegularDistance;2,8
M-0320;Apidae: Apinae: Euglossini;Euglossa turbinifex;Glossurella;intertegularDistance;2,6
B1327;Apidae: Apinae: Euglossini;Euglossa turbinifex;Glossurella;intertegularDistance;3,1
M-0205;Apidae: Apinae: Euglossini;Euglossa turbinifex;Glossurella;proboscisLength;16,6
M-0319;Apidae: Apinae: Euglossini;Euglossa turbinifex;Glossurella;proboscisLength;16,2
M-0320;Apidae: Apinae: Euglossini;Euglossa turbinifex;Glossurella;proboscisLength;16,7
B1327;Apidae: Apinae: Euglossini;Euglossa turbinifex;Glossurella;proboscisLength;11,1
J-0283;Apidae: Apinae: Euglossini;Euglossa turbinifex;Glossurella;proboscisLength;16,5
J-0315;Apidae: Apinae: Euglossini;Euglossa turbinifex;Glossurella;proboscisLength;15,33
J-0367;Apidae: Apinae: Euglossini;Euglossa turbinifex;Glossurella;proboscisLength;13,58
J-0468;Apidae: Apinae: Euglossini;Euglossa turbinifex;Glossurella;proboscisLength;15,97
J-0532;Apidae: Apinae: Euglossini;Euglossa turbinifex;Glossurella;proboscisLength;16,64
J-0846;Apidae: Apinae: Euglossini;Euglossa turbinifex;Glossurella;proboscisLength;16,51
J-0923;Apidae: Apinae: Euglossini;Euglossa turbinifex;Glossurella;proboscisLength;16,64
J-1241;Apidae: Apinae: Euglossini;Euglossa turbinifex;Glossurella;proboscisLength;15,3
J-1240;Apidae: Apinae: Euglossini;Euglossa turbinifex;Glossurella;proboscisLength;16,13
J-1614;Apidae: Apinae: Euglossini;Euglossa turbinifex;Glossurella;proboscisLength;16,8
J-0022;Apidae: Apinae: Euglossini;Euglossa variabilis;Euglossa;intertegularDistance;2,67
J-0067;Apidae: Apinae: Euglossini;Euglossa variabilis;Euglossa;intertegularDistance;3,1
J-0074;Apidae: Apinae: Euglossini;Euglossa variabilis;Euglossa;intertegularDistance;3
J-0179;Apidae: Apinae: Euglossini;Euglossa variabilis;Euglossa;intertegularDistance;2,92
J-0230;Apidae: Apinae: Euglossini;Euglossa variabilis;Euglossa;intertegularDistance;3,11
J-0231;Apidae: Apinae: Euglossini;Euglossa variabilis;Euglossa;intertegularDistance;3
J-0888;Apidae: Apinae: Euglossini;Euglossa variabilis;Euglossa;intertegularDistance;3,03
J-0975;Apidae: Apinae: Euglossini;Aglae caerulea;NA;proboscisLength;16,02
J-0889;Apidae: Apinae: Euglossini;Euglossa variabilis;Euglossa;intertegularDistance;2,7
J-1164;Apidae: Apinae: Euglossini;Euglossa variabilis;Euglossa;intertegularDistance;2,98
J-1514;Apidae: Apinae: Euglossini;Euglossa variabilis;Euglossa;intertegularDistance;2,7
J-1617;Apidae: Apinae: Euglossini;Euglossa variabilis;Euglossa;intertegularDistance;2,96
M-0074;Apidae: Apinae: Euglossini;Euglossa variabilis;Euglossa;intertegularDistance;3,5
M-0090;Apidae: Apinae: Euglossini;Euglossa variabilis;Euglossa;intertegularDistance;3
M-0091;Apidae: Apinae: Euglossini;Euglossa variabilis;Euglossa;intertegularDistance;3,2
J-1137;Apidae: Apinae: Euglossini;Eufriesea pulchra;NA;proboscisLength;8,93
M-0112;Apidae: Apinae: Euglossini;Euglossa variabilis;Euglossa;intertegularDistance;2,9
M-0275;Apidae: Apinae: Euglossini;Euglossa variabilis;Euglossa;intertegularDistance;3
M-0074;Apidae: Apinae: Euglossini;Euglossa variabilis;Euglossa;proboscisLength;10,6
M-0090;Apidae: Apinae: Euglossini;Euglossa variabilis;Euglossa;proboscisLength;11,2
M-0091;Apidae: Apinae: Euglossini;Euglossa variabilis;Euglossa;proboscisLength;9,8
M-0112;Apidae: Apinae: Euglossini;Euglossa variabilis;Euglossa;proboscisLength;9,4
M-0275;Apidae: Apinae: Euglossini;Euglossa variabilis;Euglossa;proboscisLength;10,2
J-0179;Apidae: Apinae: Euglossini;Euglossa variabilis;Euglossa;proboscisLength;12,5
J-0888;Apidae: Apinae: Euglossini;Euglossa variabilis;Euglossa;proboscisLength;13,8
J-0889;Apidae: Apinae: Euglossini;Euglossa variabilis;Euglossa;proboscisLength;12,76
J-1514;Apidae: Apinae: Euglossini;Euglossa variabilis;Euglossa;proboscisLength;9,55
J-1617;Apidae: Apinae: Euglossini;Euglossa variabilis;Euglossa;proboscisLength;11,83
J-0420;Apidae: Apinae: Euglossini;Euglossa villosiventris;Euglossa;intertegularDistance;3,06
M-0948;Apidae: Apinae: Euglossini;Euglossa villosiventris;Euglossa;intertegularDistance;3,4
M-0626;Apidae: Apinae: Euglossini;Euglossa villosiventris;Euglossa;intertegularDistance;3,2
M-C-2254;Apidae: Apinae: Euglossini;Euglossa villosiventris;Euglossa;intertegularDistance;3,5
M-2405;Apidae: Apinae: Euglossini;Euglossa villosiventris;Euglossa;intertegularDistance;3,4
M-2404;Apidae: Apinae: Euglossini;Euglossa villosiventris;Euglossa;intertegularDistance;3,6
M-0948;Apidae: Apinae: Euglossini;Euglossa villosiventris;Euglossa;proboscisLength;8,6
M-0626;Apidae: Apinae: Euglossini;Euglossa villosiventris;Euglossa;proboscisLength;5,7
M-C-2254;Apidae: Apinae: Euglossini;Euglossa villosiventris;Euglossa;proboscisLength;5,4
M-2405;Apidae: Apinae: Euglossini;Euglossa villosiventris;Euglossa;proboscisLength;6,4
M-2404;Apidae: Apinae: Euglossini;Euglossa villosiventris;Euglossa;proboscisLength;6,5
